"","id","cost","status","xloc","yloc"
"1",3,0,0,1116622.99,-4493479.31
"2",30,7527.2748438,3,1110622.99,-4496943.41162
"3",56,37349.0750781,0,1092622.99,-4500407.51323
"4",58,16959.0208122,0,1116622.99,-4500407.51323
"5",84,34220.2559424,0,1098622.99,-4503871.61485
"6",85,178907.5836914,0,1110622.99,-4503871.61485
"7",86,9653.2530566,0,1122622.99,-4503871.61485
"8",111,71547.6301953,0,1092622.99,-4507335.71646
"9",112,29790.9927136,0,1104622.99,-4507335.71646
"10",113,88162.0766162,0,1116622.99,-4507335.71646
"11",138,27.4206055,0,1086622.99,-4510799.81808
"12",139,98930.1047253,0,1098622.99,-4510799.81808
"13",140,32979.4437345,0,1110622.99,-4510799.81808
"14",141,26320.4223633,0,1122622.99,-4510799.81808
"15",166,0,0,1092622.99,-4514263.91969
"16",167,407580.8838721,0,1104622.99,-4514263.91969
"17",168,71993.4505143,0,1116622.99,-4514263.91969
"18",170,44049.8231982,0,1140622.99,-4514263.91969
"19",194,103923.0484546,0,1098622.99,-4517728.02131
"20",195,103923.0484546,0,1110622.99,-4517728.02131
"21",196,31130.0975502,0,1122622.99,-4517728.02131
"22",197,21379.6571484,0,1134622.99,-4517728.02131
"23",198,1594.237085,0,1146622.99,-4517728.02131
"24",221,163331.7180933,0,1092622.99,-4521192.12292
"25",222,207846.0969116,0,1104622.99,-4521192.12292
"26",223,138564.0646045,0,1116622.99,-4521192.12292
"27",224,57051.8537244,0,1128622.99,-4521192.12292
"28",225,25598.5119491,0,1140622.99,-4521192.12292
"29",248,30004.7358643,0,1086622.99,-4524656.22454
"30",249,207846.0969067,0,1098622.99,-4524656.22454
"31",250,207846.0969067,0,1110622.99,-4524656.22454
"32",251,205446.8315332,0,1122622.99,-4524656.22454
"33",252,407480.2599902,0,1134622.99,-4524656.22454
"34",253,63480.3030762,0,1146622.99,-4524656.22454
"35",275,10980.8104867,0,1080622.99,-4528120.32615
"36",276,103923.0484546,0,1092622.99,-4528120.32615
"37",277,207846.0969067,0,1104622.99,-4528120.32615
"38",278,138564.0646045,0,1116622.99,-4528120.32615
"39",279,103923.0484534,0,1128622.99,-4528120.32615
"40",280,103785.8567859,0,1140622.99,-4528120.32615
"41",281,34417.4972253,0,1152622.99,-4528120.32615
"42",303,137362.2950146,0,1086622.99,-4531584.42777
"43",304,103923.0484546,0,1098622.99,-4531584.42777
"44",305,103923.0484534,0,1110622.99,-4531584.42777
"45",306,103923.0484546,0,1122622.99,-4531584.42777
"46",307,207846.0969092,0,1134622.99,-4531584.42777
"47",308,138564.0646045,0,1146622.99,-4531584.42777
"48",309,30439.0149468,0,1158622.99,-4531584.42777
"49",330,70383.2408447,0,1080622.99,-4535048.52938
"50",331,207846.0969116,0,1092622.99,-4535048.52938
"51",332,415692.1938135,0,1104622.99,-4535048.52938
"52",333,207846.0969116,0,1116622.99,-4535048.52938
"53",334,207846.0969092,0,1128622.99,-4535048.52938
"54",335,207846.0969092,0,1140622.99,-4535048.52938
"55",336,207846.0969092,0,1152622.99,-4535048.52938
"56",337,142145.6547705,0,1164622.99,-4535048.52938
"57",358,138564.0646061,0,1086622.99,-4538512.631
"58",359,103923.0484534,0,1098622.99,-4538512.631
"59",360,103923.0484546,0,1110622.99,-4538512.631
"60",361,103923.0484558,0,1122622.99,-4538512.631
"61",362,207846.0969067,0,1134622.99,-4538512.631
"62",363,138564.0646045,0,1146622.99,-4538512.631
"63",364,103923.0484546,0,1158622.99,-4538512.631
"64",365,36818.1058213,0,1170622.99,-4538512.631
"65",382,13400.7087988,0,1374622.99,-4538512.631
"66",385,22929.027998,0,1080622.99,-4541976.73261
"67",386,103923.0484558,0,1092622.99,-4541976.73261
"68",387,207846.0969067,0,1104622.99,-4541976.73261
"69",388,138564.0646061,0,1116622.99,-4541976.73261
"70",389,103923.0484534,0,1128622.99,-4541976.73261
"71",390,103923.0484534,0,1140622.99,-4541976.73261
"72",391,103923.048457,0,1152622.99,-4541976.73261
"73",392,207846.0969043,0,1164622.99,-4541976.73261
"74",393,95272.9472876,0,1176622.99,-4541976.73261
"75",407,15719.6840967,0,1344622.99,-4541976.73261
"76",409,22810.9727627,0,1368622.99,-4541976.73261
"77",410,2527.6618823,0,1380622.99,-4541976.73261
"78",413,154212.6173486,0,1086622.99,-4545440.83423
"79",414,207846.0969092,0,1098622.99,-4545440.83423
"80",415,207846.0969116,0,1110622.99,-4545440.83423
"81",416,207846.0969092,0,1122622.99,-4545440.83423
"82",417,415692.1938184,0,1134622.99,-4545440.83423
"83",418,207846.0969092,2,1146622.99,-4545440.83423
"84",419,207846.0969067,0,1158622.99,-4545440.83423
"85",420,207846.0969067,0,1170622.99,-4545440.83423
"86",421,9418.1276807,0,1182622.99,-4545440.83423
"87",434,7443.5094019,0,1338622.99,-4545440.83423
"88",437,382046.165293,0,1374622.99,-4545440.83423
"89",441,103923.0484558,0,1092622.99,-4548904.93584
"90",442,207846.0969067,0,1104622.99,-4548904.93584
"91",443,138564.0646061,0,1116622.99,-4548904.93584
"92",444,103923.0484534,0,1128622.99,-4548904.93584
"93",445,103923.0484534,0,1140622.99,-4548904.93584
"94",446,103923.0484546,0,1152622.99,-4548904.93584
"95",447,207846.0969165,0,1164622.99,-4548904.93584
"96",448,137632.4581494,0,1176622.99,-4548904.93584
"97",449,9998.4045605,0,1188622.99,-4548904.93584
"98",462,125203.1635181,0,1344622.99,-4548904.93584
"99",464,82198.6704578,0,1368622.99,-4548904.93584
"100",465,77715.0079651,0,1380622.99,-4548904.93584
"101",468,142206.1246582,0,1086622.99,-4552369.03746
"102",469,103923.0484534,0,1098622.99,-4552369.03746
"103",470,103923.0484509,0,1110622.99,-4552369.03746
"104",471,103923.0484546,0,1122622.99,-4552369.03746
"105",472,207846.0969092,0,1134622.99,-4552369.03746
"106",473,138564.0646061,0,1146622.99,-4552369.03746
"107",474,103923.0484521,0,1158622.99,-4552369.03746
"108",475,103923.0484558,0,1170622.99,-4552369.03746
"109",476,88130.0504431,0,1182622.99,-4552369.03746
"110",477,10364.6144629,0,1194622.99,-4552369.03746
"111",487,648.6338477,0,1314622.99,-4552369.03746
"112",489,73674.2414512,0,1338622.99,-4552369.03746
"113",490,120443.1034521,0,1350622.99,-4552369.03746
"114",491,89340.8284253,0,1362622.99,-4552369.03746
"115",492,207846.0969141,0,1374622.99,-4552369.03746
"116",493,186057.2730078,0,1386622.99,-4552369.03746
"117",496,207846.0969067,0,1092622.99,-4555833.13907
"118",497,415692.1938232,0,1104622.99,-4555833.13907
"119",498,207846.0969067,0,1116622.99,-4555833.13907
"120",499,207846.0969067,0,1128622.99,-4555833.13907
"121",500,207846.0969092,0,1140622.99,-4555833.13907
"122",501,207846.0969067,0,1152622.99,-4555833.13907
"123",502,415692.1938184,0,1164622.99,-4555833.13907
"124",503,207846.0969067,0,1176622.99,-4555833.13907
"125",504,200660.2501367,0,1188622.99,-4555833.13907
"126",505,10543.6154574,0,1200622.99,-4555833.13907
"127",512,75679.805166,0,1284622.99,-4555833.13907
"128",513,20.2920752,0,1296622.99,-4555833.13907
"129",514,74715.2429199,0,1308622.99,-4555833.13907
"130",516,193622.70271,0,1332622.99,-4555833.13907
"131",517,415692.1938232,0,1344622.99,-4555833.13907
"132",518,145988.357478,0,1356622.99,-4555833.13907
"133",519,207846.0969092,0,1368622.99,-4555833.13907
"134",520,207846.0969092,0,1380622.99,-4555833.13907
"135",521,39056.196355,0,1392622.99,-4555833.13907
"136",523,72318.6807507,0,1086622.99,-4559297.24069
"137",524,103923.0484546,0,1098622.99,-4559297.24069
"138",525,207846.0969092,2,1110622.99,-4559297.24069
"139",526,207846.0969092,0,1122622.99,-4559297.24069
"140",527,207846.0969067,0,1134622.99,-4559297.24069
"141",528,103923.0484558,0,1146622.99,-4559297.24069
"142",529,103923.0484558,2,1158622.99,-4559297.24069
"143",530,103923.0484521,0,1170622.99,-4559297.24069
"144",531,103923.0484546,0,1182622.99,-4559297.24069
"145",532,206710.9219604,0,1194622.99,-4559297.24069
"146",533,14871.6580176,0,1206622.99,-4559297.24069
"147",538,862.1711377,0,1266622.99,-4559297.24069
"148",539,35606.7768441,0,1278622.99,-4559297.24069
"149",540,63589.6641235,0,1290622.99,-4559297.24069
"150",541,50045.9445508,0,1302622.99,-4559297.24069
"151",542,152637.8568359,0,1314622.99,-4559297.24069
"152",543,25776.6000651,0,1326622.99,-4559297.24069
"153",544,138564.0646045,0,1338622.99,-4559297.24069
"154",545,103923.0484534,0,1350622.99,-4559297.24069
"155",546,103923.0484546,0,1362622.99,-4559297.24069
"156",547,207846.0969043,0,1374622.99,-4559297.24069
"157",548,103923.0484558,0,1386622.99,-4559297.24069
"158",551,138564.0646045,0,1092622.99,-4562761.3423
"159",552,207846.0969043,0,1104622.99,-4562761.3423
"160",553,415692.1938086,0,1116622.99,-4562761.3423
"161",554,103923.0484534,0,1128622.99,-4562761.3423
"162",555,103923.0484521,0,1140622.99,-4562761.3423
"163",556,138564.0646029,0,1152622.99,-4562761.3423
"164",557,207846.0969043,0,1164622.99,-4562761.3423
"165",558,138564.0646012,0,1176622.99,-4562761.3423
"166",559,103923.0484534,0,1188622.99,-4562761.3423
"167",560,80285.1635088,0,1200622.99,-4562761.3423
"168",561,6834.6795898,0,1212622.99,-4562761.3423
"169",565,45822.3400366,0,1260622.99,-4562761.3423
"170",566,115239.2643376,0,1272622.99,-4562761.3423
"171",567,207846.0969116,0,1284622.99,-4562761.3423
"172",568,113883.6024935,0,1296622.99,-4562761.3423
"173",569,103923.0484558,0,1308622.99,-4562761.3423
"174",570,98690.4884351,0,1320622.99,-4562761.3423
"175",571,207846.0969092,0,1332622.99,-4562761.3423
"176",572,207846.0969116,0,1344622.99,-4562761.3423
"177",573,138564.0646061,0,1356622.99,-4562761.3423
"178",574,103923.0484558,0,1368622.99,-4562761.3423
"179",575,103923.0484546,0,1380622.99,-4562761.3423
"180",576,109486.7367399,2,1392622.99,-4562761.3423
"181",578,114633.1023096,0,1086622.99,-4566225.44392
"182",579,207846.0969067,0,1098622.99,-4566225.44392
"183",580,415692.1938184,0,1110622.99,-4566225.44392
"184",581,415692.1938135,0,1122622.99,-4566225.44392
"185",582,415692.1938184,0,1134622.99,-4566225.44392
"186",583,207846.0969067,0,1146622.99,-4566225.44392
"187",584,207846.0969092,0,1158622.99,-4566225.44392
"188",585,207846.0969092,0,1170622.99,-4566225.44392
"189",586,207846.0969092,0,1182622.99,-4566225.44392
"190",587,415692.1938184,0,1194622.99,-4566225.44392
"191",588,199336.9502905,0,1206622.99,-4566225.44392
"192",589,37367.5866431,0,1218622.99,-4566225.44392
"193",591,50983.6393213,0,1242622.99,-4566225.44392
"194",592,194248.0651563,0,1254622.99,-4566225.44392
"195",593,81095.7567171,0,1266622.99,-4566225.44392
"196",594,207846.0969092,0,1278622.99,-4566225.44392
"197",595,207846.0969092,0,1290622.99,-4566225.44392
"198",596,207846.0969067,0,1302622.99,-4566225.44392
"199",597,415692.1938184,0,1314622.99,-4566225.44392
"200",598,207846.0969116,0,1326622.99,-4566225.44392
"201",599,207846.0969092,0,1338622.99,-4566225.44392
"202",600,207846.0969092,0,1350622.99,-4566225.44392
"203",601,207846.0969116,0,1362622.99,-4566225.44392
"204",602,415692.1938184,0,1374622.99,-4566225.44392
"205",603,207846.0969116,0,1386622.99,-4566225.44392
"206",604,53903.037832,0,1398622.99,-4566225.44392
"207",606,103923.0484546,0,1092622.99,-4569689.54553
"208",607,415692.1938232,0,1104622.99,-4569689.54553
"209",608,207846.0969141,0,1116622.99,-4569689.54553
"210",609,103923.0484546,0,1128622.99,-4569689.54553
"211",610,103923.0484558,0,1140622.99,-4569689.54553
"212",611,138564.0646045,2,1152622.99,-4569689.54553
"213",612,207846.0969116,0,1164622.99,-4569689.54553
"214",613,103923.0484546,0,1176622.99,-4569689.54553
"215",614,103923.0484546,0,1188622.99,-4569689.54553
"216",615,103923.0484546,0,1200622.99,-4569689.54553
"217",616,97121.5872839,0,1212622.99,-4569689.54553
"218",617,122466.4288135,0,1224622.99,-4569689.54553
"219",618,37775.5508899,0,1236622.99,-4569689.54553
"220",619,45771.9228394,0,1248622.99,-4569689.54553
"221",620,103923.0484534,0,1260622.99,-4569689.54553
"222",621,103923.0484534,0,1272622.99,-4569689.54553
"223",622,207846.0969067,0,1284622.99,-4569689.54553
"224",623,103923.0484546,0,1296622.99,-4569689.54553
"225",624,103923.0484534,0,1308622.99,-4569689.54553
"226",625,103923.0484534,0,1320622.99,-4569689.54553
"227",626,103923.0484521,0,1332622.99,-4569689.54553
"228",627,207846.0969092,0,1344622.99,-4569689.54553
"229",628,103923.0484521,0,1356622.99,-4569689.54553
"230",629,103923.0484546,0,1368622.99,-4569689.54553
"231",630,103923.0484558,0,1380622.99,-4569689.54553
"232",631,103923.048457,2,1392622.99,-4569689.54553
"233",633,21198.1737663,0,1086622.99,-4573153.64715
"234",634,138564.0646077,0,1098622.99,-4573153.64715
"235",635,415692.1938135,0,1110622.99,-4573153.64715
"236",636,207846.0969092,0,1122622.99,-4573153.64715
"237",637,207846.0969067,0,1134622.99,-4573153.64715
"238",638,207846.0969067,2,1146622.99,-4573153.64715
"239",639,103923.0484534,0,1158622.99,-4573153.64715
"240",640,103923.0484534,0,1170622.99,-4573153.64715
"241",641,138564.0646094,0,1182622.99,-4573153.64715
"242",642,207846.0969067,0,1194622.99,-4573153.64715
"243",643,138564.0646012,0,1206622.99,-4573153.64715
"244",644,103923.0484521,0,1218622.99,-4573153.64715
"245",645,175998.304585,0,1230622.99,-4573153.64715
"246",646,132199.32507,0,1242622.99,-4573153.64715
"247",647,207846.0969067,0,1254622.99,-4573153.64715
"248",648,82182.4484707,0,1266622.99,-4573153.64715
"249",649,103923.0484546,0,1278622.99,-4573153.64715
"250",650,103923.0484534,0,1290622.99,-4573153.64715
"251",651,138564.0646094,0,1302622.99,-4573153.64715
"252",652,207846.0969067,0,1314622.99,-4573153.64715
"253",653,138564.0646045,0,1326622.99,-4573153.64715
"254",654,103923.0484546,0,1338622.99,-4573153.64715
"255",655,103923.0484521,0,1350622.99,-4573153.64715
"256",656,138564.0646061,0,1362622.99,-4573153.64715
"257",657,207846.0969092,0,1374622.99,-4573153.64715
"258",658,138564.0646029,0,1386622.99,-4573153.64715
"259",659,59509.5572681,0,1398622.99,-4573153.64715
"260",661,110568.3671126,0,1092622.99,-4576617.74876
"261",662,415692.1938184,0,1104622.99,-4576617.74876
"262",663,138564.0646045,0,1116622.99,-4576617.74876
"263",664,103923.0484534,0,1128622.99,-4576617.74876
"264",665,207846.0969092,0,1140622.99,-4576617.74876
"265",666,207846.0969092,0,1152622.99,-4576617.74876
"266",667,207846.0969116,0,1164622.99,-4576617.74876
"267",668,138564.0646045,0,1176622.99,-4576617.74876
"268",669,103923.0484534,0,1188622.99,-4576617.74876
"269",670,103923.0484546,0,1200622.99,-4576617.74876
"270",671,138564.0646061,0,1212622.99,-4576617.74876
"271",672,207846.0969116,0,1224622.99,-4576617.74876
"272",673,138564.0646077,0,1236622.99,-4576617.74876
"273",674,103923.0484546,0,1248622.99,-4576617.74876
"274",675,103923.0484534,0,1260622.99,-4576617.74876
"275",676,138564.0646045,0,1272622.99,-4576617.74876
"276",677,207846.0969067,0,1284622.99,-4576617.74876
"277",678,138564.0646029,0,1296622.99,-4576617.74876
"278",679,103923.0484546,0,1308622.99,-4576617.74876
"279",680,103923.0484521,0,1320622.99,-4576617.74876
"280",681,138564.0646029,0,1332622.99,-4576617.74876
"281",682,207846.0969092,0,1344622.99,-4576617.74876
"282",683,138564.0646061,0,1356622.99,-4576617.74876
"283",684,103923.0484546,0,1368622.99,-4576617.74876
"284",685,103923.0484546,0,1380622.99,-4576617.74876
"285",686,120423.2459424,0,1392622.99,-4576617.74876
"286",688,6662.1847803,0,1086622.99,-4580081.85038
"287",689,138564.0646061,0,1098622.99,-4580081.85038
"288",690,207846.0969116,0,1110622.99,-4580081.85038
"289",691,103923.0484558,0,1122622.99,-4580081.85038
"290",692,207846.0969092,0,1134622.99,-4580081.85038
"291",693,207846.0969116,2,1146622.99,-4580081.85038
"292",694,103923.0484546,0,1158622.99,-4580081.85038
"293",695,103923.0484558,0,1170622.99,-4580081.85038
"294",696,103923.0484558,0,1182622.99,-4580081.85038
"295",697,207846.0969092,0,1194622.99,-4580081.85038
"296",698,103923.048457,0,1206622.99,-4580081.85038
"297",699,103923.0484534,0,1218622.99,-4580081.85038
"298",700,103923.0484558,0,1230622.99,-4580081.85038
"299",701,103923.0484558,0,1242622.99,-4580081.85038
"300",702,207846.0969092,0,1254622.99,-4580081.85038
"301",703,103923.048457,0,1266622.99,-4580081.85038
"302",704,103923.0484546,0,1278622.99,-4580081.85038
"303",705,103923.0484534,0,1290622.99,-4580081.85038
"304",706,103923.048457,0,1302622.99,-4580081.85038
"305",707,207846.0969043,0,1314622.99,-4580081.85038
"306",708,103923.0484558,0,1326622.99,-4580081.85038
"307",709,103923.0484534,0,1338622.99,-4580081.85038
"308",710,103923.0484534,0,1350622.99,-4580081.85038
"309",711,103923.0484558,0,1362622.99,-4580081.85038
"310",712,207846.0969092,0,1374622.99,-4580081.85038
"311",713,103923.0484534,0,1386622.99,-4580081.85038
"312",716,182978.5292798,0,1092622.99,-4583545.95199
"313",717,415692.1938184,0,1104622.99,-4583545.95199
"314",718,207846.0969067,0,1116622.99,-4583545.95199
"315",719,207846.0969092,0,1128622.99,-4583545.95199
"316",720,415692.1938184,0,1140622.99,-4583545.95199
"317",721,207846.0969092,0,1152622.99,-4583545.95199
"318",722,415692.1938184,0,1164622.99,-4583545.95199
"319",723,207846.0969067,0,1176622.99,-4583545.95199
"320",724,207846.0969092,0,1188622.99,-4583545.95199
"321",725,207846.0969092,0,1200622.99,-4583545.95199
"322",726,207846.0969067,0,1212622.99,-4583545.95199
"323",727,415692.1938184,0,1224622.99,-4583545.95199
"324",728,207846.0969092,0,1236622.99,-4583545.95199
"325",729,207846.0969092,0,1248622.99,-4583545.95199
"326",730,207846.0969092,0,1260622.99,-4583545.95199
"327",731,207846.0969067,0,1272622.99,-4583545.95199
"328",732,415692.1938184,0,1284622.99,-4583545.95199
"329",733,207846.0969067,0,1296622.99,-4583545.95199
"330",734,207846.0969092,0,1308622.99,-4583545.95199
"331",735,207846.0969067,0,1320622.99,-4583545.95199
"332",736,207846.0969067,0,1332622.99,-4583545.95199
"333",737,415692.1938184,0,1344622.99,-4583545.95199
"334",738,207846.0969092,0,1356622.99,-4583545.95199
"335",739,207846.0969067,0,1368622.99,-4583545.95199
"336",740,207846.0969092,0,1380622.99,-4583545.95199
"337",741,96178.1666089,0,1392622.99,-4583545.95199
"338",743,390.6073486,0,1086622.99,-4587010.05361
"339",744,138564.0646077,0,1098622.99,-4587010.05361
"340",745,138564.0646061,0,1110622.99,-4587010.05361
"341",746,138564.0646012,0,1122622.99,-4587010.05361
"342",747,207846.0969067,0,1134622.99,-4587010.05361
"343",748,207846.0969092,0,1146622.99,-4587010.05361
"344",749,103923.0484521,0,1158622.99,-4587010.05361
"345",750,103923.0484534,0,1170622.99,-4587010.05361
"346",751,138564.0646045,0,1182622.99,-4587010.05361
"347",752,207846.0969043,0,1194622.99,-4587010.05361
"348",753,138564.0646045,0,1206622.99,-4587010.05361
"349",754,103923.0484534,0,1218622.99,-4587010.05361
"350",755,103923.0484534,0,1230622.99,-4587010.05361
"351",756,138564.0646061,0,1242622.99,-4587010.05361
"352",757,207846.0969043,0,1254622.99,-4587010.05361
"353",758,138564.0646061,0,1266622.99,-4587010.05361
"354",759,103923.0484534,0,1278622.99,-4587010.05361
"355",760,103923.0484521,0,1290622.99,-4587010.05361
"356",761,138564.0646045,0,1302622.99,-4587010.05361
"357",762,207846.0969067,0,1314622.99,-4587010.05361
"358",763,138564.0646029,0,1326622.99,-4587010.05361
"359",764,103923.0484534,0,1338622.99,-4587010.05361
"360",765,103923.0484521,0,1350622.99,-4587010.05361
"361",766,138564.0646077,2,1362622.99,-4587010.05361
"362",767,207846.0969067,0,1374622.99,-4587010.05361
"363",768,138564.0646045,0,1386622.99,-4587010.05361
"364",771,103777.9061035,0,1092622.99,-4590474.15522
"365",772,415692.1938135,0,1104622.99,-4590474.15522
"366",773,103923.0484583,0,1116622.99,-4590474.15522
"367",774,103923.0484521,0,1128622.99,-4590474.15522
"368",775,207846.0969067,0,1140622.99,-4590474.15522
"369",776,138564.0646077,0,1152622.99,-4590474.15522
"370",777,207846.0969043,0,1164622.99,-4590474.15522
"371",778,103923.0484534,0,1176622.99,-4590474.15522
"372",779,103923.0484558,0,1188622.99,-4590474.15522
"373",780,103923.0484546,0,1200622.99,-4590474.15522
"374",781,103923.0484546,0,1212622.99,-4590474.15522
"375",782,207846.0969092,0,1224622.99,-4590474.15522
"376",783,103923.0484509,0,1236622.99,-4590474.15522
"377",784,103923.0484546,0,1248622.99,-4590474.15522
"378",785,103923.0484546,0,1260622.99,-4590474.15522
"379",786,103923.0484558,0,1272622.99,-4590474.15522
"380",787,207846.0969092,0,1284622.99,-4590474.15522
"381",788,103923.0484509,0,1296622.99,-4590474.15522
"382",789,103923.0484546,0,1308622.99,-4590474.15522
"383",790,103923.048457,0,1320622.99,-4590474.15522
"384",791,103923.0484546,0,1332622.99,-4590474.15522
"385",792,207846.0969043,0,1344622.99,-4590474.15522
"386",793,103923.0484534,0,1356622.99,-4590474.15522
"387",794,103923.0484534,2,1368622.99,-4590474.15522
"388",795,103923.0484546,0,1380622.99,-4590474.15522
"389",796,22264.7528115,0,1392622.99,-4590474.15522
"390",799,207846.0969092,0,1098622.99,-4593938.25684
"391",800,207846.0969067,0,1110622.99,-4593938.25684
"392",801,207846.0969067,0,1122622.99,-4593938.25684
"393",802,415692.1938184,0,1134622.99,-4593938.25684
"394",803,207846.0969092,0,1146622.99,-4593938.25684
"395",804,207846.0969067,0,1158622.99,-4593938.25684
"396",805,207846.0969067,0,1170622.99,-4593938.25684
"397",806,207846.0969067,0,1182622.99,-4593938.25684
"398",807,415692.1938184,0,1194622.99,-4593938.25684
"399",808,207846.0969067,0,1206622.99,-4593938.25684
"400",809,207846.0969092,0,1218622.99,-4593938.25684
"401",810,207846.0969092,0,1230622.99,-4593938.25684
"402",811,207846.0969092,0,1242622.99,-4593938.25684
"403",812,415692.1938135,0,1254622.99,-4593938.25684
"404",813,207846.0969067,0,1266622.99,-4593938.25684
"405",814,207846.0969092,0,1278622.99,-4593938.25684
"406",815,207846.0969067,0,1290622.99,-4593938.25684
"407",816,207846.0969067,0,1302622.99,-4593938.25684
"408",817,415692.1938184,0,1314622.99,-4593938.25684
"409",818,207846.0969116,2,1326622.99,-4593938.25684
"410",819,207846.0969067,0,1338622.99,-4593938.25684
"411",820,207846.0969067,0,1350622.99,-4593938.25684
"412",821,207846.0969067,0,1362622.99,-4593938.25684
"413",822,415692.1938184,0,1374622.99,-4593938.25684
"414",823,207846.0969067,0,1386622.99,-4593938.25684
"415",826,13351.2604541,0,1092622.99,-4597402.35845
"416",827,207846.0969116,0,1104622.99,-4597402.35845
"417",828,138564.0646061,0,1116622.99,-4597402.35845
"418",829,138564.0646061,0,1128622.99,-4597402.35845
"419",830,207846.0969067,0,1140622.99,-4597402.35845
"420",831,207846.0969092,0,1152622.99,-4597402.35845
"421",832,207846.0969116,0,1164622.99,-4597402.35845
"422",833,138564.0646045,0,1176622.99,-4597402.35845
"423",834,103923.0484546,0,1188622.99,-4597402.35845
"424",835,103923.0484546,0,1200622.99,-4597402.35845
"425",836,138564.0646077,0,1212622.99,-4597402.35845
"426",837,207846.0969067,0,1224622.99,-4597402.35845
"427",838,138564.0646029,0,1236622.99,-4597402.35845
"428",839,103923.0484546,0,1248622.99,-4597402.35845
"429",840,103923.0484534,0,1260622.99,-4597402.35845
"430",841,138564.0646061,0,1272622.99,-4597402.35845
"431",842,207846.0969067,0,1284622.99,-4597402.35845
"432",843,138564.0646061,0,1296622.99,-4597402.35845
"433",844,103923.0484546,0,1308622.99,-4597402.35845
"434",845,103923.0484534,0,1320622.99,-4597402.35845
"435",846,138564.0646012,2,1332622.99,-4597402.35845
"436",847,207846.0969067,0,1344622.99,-4597402.35845
"437",848,138564.0646061,0,1356622.99,-4597402.35845
"438",849,138564.0646029,0,1368622.99,-4597402.35845
"439",850,103923.048457,0,1380622.99,-4597402.35845
"440",851,42443.9336719,0,1392622.99,-4597402.35845
"441",854,72071.5643518,0,1098622.99,-4600866.46007
"442",855,103923.0484546,0,1110622.99,-4600866.46007
"443",856,103923.0484509,0,1122622.99,-4600866.46007
"444",857,207846.0969067,0,1134622.99,-4600866.46007
"445",858,207846.0969019,0,1146622.99,-4600866.46007
"446",859,103923.0484534,0,1158622.99,-4600866.46007
"447",860,103923.0484534,0,1170622.99,-4600866.46007
"448",861,103923.0484558,0,1182622.99,-4600866.46007
"449",862,207846.0969043,0,1194622.99,-4600866.46007
"450",863,103923.0484558,0,1206622.99,-4600866.46007
"451",864,103923.0484534,0,1218622.99,-4600866.46007
"452",865,103923.0484558,0,1230622.99,-4600866.46007
"453",866,103923.048457,0,1242622.99,-4600866.46007
"454",867,207846.0969092,2,1254622.99,-4600866.46007
"455",868,103923.048457,0,1266622.99,-4600866.46007
"456",869,103923.0484558,0,1278622.99,-4600866.46007
"457",870,103923.0484534,0,1290622.99,-4600866.46007
"458",871,103923.0484521,0,1302622.99,-4600866.46007
"459",872,207846.0969092,0,1314622.99,-4600866.46007
"460",873,103923.0484534,0,1326622.99,-4600866.46007
"461",874,103923.0484534,0,1338622.99,-4600866.46007
"462",875,103923.0484509,2,1350622.99,-4600866.46007
"463",876,138564.0646061,0,1362622.99,-4600866.46007
"464",877,207846.0969092,0,1374622.99,-4600866.46007
"465",878,103923.0484534,2,1386622.99,-4600866.46007
"466",879,13113.6744141,0,1398622.99,-4600866.46007
"467",882,415692.1938184,0,1104622.99,-4604330.56168
"468",883,207846.0969141,0,1116622.99,-4604330.56168
"469",884,415692.1938184,0,1128622.99,-4604330.56168
"470",885,415692.1938135,0,1140622.99,-4604330.56168
"471",886,415692.1938232,0,1152622.99,-4604330.56168
"472",887,415692.1938232,0,1164622.99,-4604330.56168
"473",888,207846.0969092,0,1176622.99,-4604330.56168
"474",889,207846.0969116,0,1188622.99,-4604330.56168
"475",890,207846.0969116,0,1200622.99,-4604330.56168
"476",891,207846.0969092,0,1212622.99,-4604330.56168
"477",892,415692.1938184,0,1224622.99,-4604330.56168
"478",893,207846.0969067,0,1236622.99,-4604330.56168
"479",894,207846.0969067,0,1248622.99,-4604330.56168
"480",895,207846.0969067,0,1260622.99,-4604330.56168
"481",896,207846.0969092,0,1272622.99,-4604330.56168
"482",897,415692.1938086,0,1284622.99,-4604330.56168
"483",898,207846.0969116,0,1296622.99,-4604330.56168
"484",899,207846.0969067,0,1308622.99,-4604330.56168
"485",900,207846.0969067,0,1320622.99,-4604330.56168
"486",901,207846.0969067,0,1332622.99,-4604330.56168
"487",902,415692.1938135,0,1344622.99,-4604330.56168
"488",903,207846.0969092,2,1356622.99,-4604330.56168
"489",904,207846.0969092,0,1368622.99,-4604330.56168
"490",905,207846.0969092,0,1380622.99,-4604330.56168
"491",906,99154.6561719,0,1392622.99,-4604330.56168
"492",909,43107.7025037,0,1098622.99,-4607794.6633
"493",910,103923.0484558,0,1110622.99,-4607794.6633
"494",911,138564.0646029,0,1122622.99,-4607794.6633
"495",912,207846.0969092,0,1134622.99,-4607794.6633
"496",913,207846.0969067,0,1146622.99,-4607794.6633
"497",914,138564.0646077,0,1158622.99,-4607794.6633
"498",915,138564.0646029,0,1170622.99,-4607794.6633
"499",916,103923.048457,0,1182622.99,-4607794.6633
"500",917,207846.0969067,0,1194622.99,-4607794.6633
"501",918,138564.0646094,0,1206622.99,-4607794.6633
"502",919,103923.0484534,0,1218622.99,-4607794.6633
"503",920,103923.0484558,0,1230622.99,-4607794.6633
"504",921,103923.0484558,0,1242622.99,-4607794.6633
"505",922,207846.0969092,0,1254622.99,-4607794.6633
"506",923,138564.0646029,0,1266622.99,-4607794.6633
"507",924,103923.0484558,0,1278622.99,-4607794.6633
"508",925,103923.0484521,0,1290622.99,-4607794.6633
"509",926,103923.0484558,0,1302622.99,-4607794.6633
"510",927,207846.0969067,0,1314622.99,-4607794.6633
"511",928,138564.0646061,0,1326622.99,-4607794.6633
"512",929,103923.0484534,0,1338622.99,-4607794.6633
"513",930,103923.0484558,0,1350622.99,-4607794.6633
"514",931,103923.0484534,0,1362622.99,-4607794.6633
"515",932,207846.0969092,0,1374622.99,-4607794.6633
"516",933,138564.0646045,0,1386622.99,-4607794.6633
"517",937,207846.0969165,0,1104622.99,-4611258.76491
"518",938,207846.0969092,0,1116622.99,-4611258.76491
"519",939,207846.0969116,0,1128622.99,-4611258.76491
"520",940,207846.0969092,0,1140622.99,-4611258.76491
"521",941,207846.0969067,0,1152622.99,-4611258.76491
"522",942,207846.0969043,0,1164622.99,-4611258.76491
"523",943,138564.0646061,0,1176622.99,-4611258.76491
"524",944,103923.0484534,0,1188622.99,-4611258.76491
"525",945,103923.0484546,0,1200622.99,-4611258.76491
"526",946,103923.0484546,0,1212622.99,-4611258.76491
"527",947,207846.0969141,0,1224622.99,-4611258.76491
"528",948,138564.0646045,0,1236622.99,-4611258.76491
"529",949,103923.0484546,0,1248622.99,-4611258.76491
"530",950,103923.0484534,0,1260622.99,-4611258.76491
"531",951,103923.0484534,0,1272622.99,-4611258.76491
"532",952,207846.0969067,0,1284622.99,-4611258.76491
"533",953,138564.0646061,0,1296622.99,-4611258.76491
"534",954,103923.0484546,0,1308622.99,-4611258.76491
"535",955,103923.0484558,0,1320622.99,-4611258.76491
"536",956,103923.0484546,0,1332622.99,-4611258.76491
"537",957,207846.0969116,0,1344622.99,-4611258.76491
"538",958,138564.0646061,0,1356622.99,-4611258.76491
"539",959,103923.0484534,0,1368622.99,-4611258.76491
"540",960,103923.0484546,0,1380622.99,-4611258.76491
"541",961,27356.583396,0,1392622.99,-4611258.76491
"542",964,61347.5537549,0,1098622.99,-4614722.86653
"543",965,207846.0969067,0,1110622.99,-4614722.86653
"544",966,415692.1938184,0,1122622.99,-4614722.86653
"545",967,415692.1938184,0,1134622.99,-4614722.86653
"546",968,207846.0969141,0,1146622.99,-4614722.86653
"547",969,207846.0969092,0,1158622.99,-4614722.86653
"548",970,415692.1938232,0,1170622.99,-4614722.86653
"549",971,207846.0969067,2,1182622.99,-4614722.86653
"550",972,415692.1938135,0,1194622.99,-4614722.86653
"551",973,207846.0969019,0,1206622.99,-4614722.86653
"552",974,207846.0969067,0,1218622.99,-4614722.86653
"553",975,207846.0969067,0,1230622.99,-4614722.86653
"554",976,207846.0969092,0,1242622.99,-4614722.86653
"555",977,415692.1938184,0,1254622.99,-4614722.86653
"556",978,207846.0969116,0,1266622.99,-4614722.86653
"557",979,207846.0969092,0,1278622.99,-4614722.86653
"558",980,207846.0969092,0,1290622.99,-4614722.86653
"559",981,207846.0969067,0,1302622.99,-4614722.86653
"560",982,415692.1938135,0,1314622.99,-4614722.86653
"561",983,207846.0969067,0,1326622.99,-4614722.86653
"562",984,207846.0969067,0,1338622.99,-4614722.86653
"563",985,207846.0969092,0,1350622.99,-4614722.86653
"564",986,207846.0969092,0,1362622.99,-4614722.86653
"565",987,415692.1938232,0,1374622.99,-4614722.86653
"566",988,369919.9900293,0,1386622.99,-4614722.86653
"567",992,145237.5366699,0,1104622.99,-4618186.96814
"568",993,207846.0969067,0,1116622.99,-4618186.96814
"569",994,207846.0969092,0,1128622.99,-4618186.96814
"570",995,138564.0646045,0,1140622.99,-4618186.96814
"571",996,103923.0484521,0,1152622.99,-4618186.96814
"572",997,415692.1938184,0,1164622.99,-4618186.96814
"573",998,138564.0646045,2,1176622.99,-4618186.96814
"574",999,103923.0484546,2,1188622.99,-4618186.96814
"575",1000,103923.0484558,0,1200622.99,-4618186.96814
"576",1001,103923.0484546,0,1212622.99,-4618186.96814
"577",1002,207846.0969092,0,1224622.99,-4618186.96814
"578",1003,138564.0646077,0,1236622.99,-4618186.96814
"579",1004,103923.0484534,0,1248622.99,-4618186.96814
"580",1005,103923.0484534,0,1260622.99,-4618186.96814
"581",1006,103923.0484521,0,1272622.99,-4618186.96814
"582",1007,207846.0969092,0,1284622.99,-4618186.96814
"583",1008,138564.0646045,0,1296622.99,-4618186.96814
"584",1009,103923.0484534,0,1308622.99,-4618186.96814
"585",1010,103923.0484534,0,1320622.99,-4618186.96814
"586",1011,103923.0484534,0,1332622.99,-4618186.96814
"587",1012,207846.0969141,0,1344622.99,-4618186.96814
"588",1013,138564.0646061,0,1356622.99,-4618186.96814
"589",1014,103923.0484534,0,1368622.99,-4618186.96814
"590",1015,103923.0484534,0,1380622.99,-4618186.96814
"591",1020,103923.0484558,0,1110622.99,-4621651.06976
"592",1021,138564.0646045,0,1122622.99,-4621651.06976
"593",1022,207846.0969092,0,1134622.99,-4621651.06976
"594",1023,138564.0646061,0,1146622.99,-4621651.06976
"595",1024,138564.0646045,0,1158622.99,-4621651.06976
"596",1025,207846.0969092,0,1170622.99,-4621651.06976
"597",1026,103923.0484534,2,1182622.99,-4621651.06976
"598",1027,207846.0969067,2,1194622.99,-4621651.06976
"599",1028,138564.0646094,0,1206622.99,-4621651.06976
"600",1029,103923.0484534,0,1218622.99,-4621651.06976
"601",1030,103923.0484558,0,1230622.99,-4621651.06976
"602",1031,103923.0484534,0,1242622.99,-4621651.06976
"603",1032,207846.0969092,0,1254622.99,-4621651.06976
"604",1033,138564.0646029,0,1266622.99,-4621651.06976
"605",1034,103923.0484546,0,1278622.99,-4621651.06976
"606",1035,103923.0484534,0,1290622.99,-4621651.06976
"607",1036,103923.0484534,0,1302622.99,-4621651.06976
"608",1037,207846.0969092,0,1314622.99,-4621651.06976
"609",1038,138564.0646045,0,1326622.99,-4621651.06976
"610",1039,103923.0484534,0,1338622.99,-4621651.06976
"611",1040,103923.0484534,0,1350622.99,-4621651.06976
"612",1041,103923.0484534,0,1362622.99,-4621651.06976
"613",1042,207846.0969092,0,1374622.99,-4621651.06976
"614",1043,108054.0580884,0,1386622.99,-4621651.06976
"615",1047,74177.1214746,0,1104622.99,-4625115.17138
"616",1048,207846.0969116,0,1116622.99,-4625115.17138
"617",1049,415692.1938135,0,1128622.99,-4625115.17138
"618",1050,207846.0969092,0,1140622.99,-4625115.17138
"619",1051,207846.0969067,0,1152622.99,-4625115.17138
"620",1052,415692.1938184,0,1164622.99,-4625115.17138
"621",1053,207846.0969092,0,1176622.99,-4625115.17138
"622",1054,207846.0969092,2,1188622.99,-4625115.17138
"623",1055,207846.0969092,2,1200622.99,-4625115.17138
"624",1056,207846.0969092,0,1212622.99,-4625115.17138
"625",1057,415692.1938135,0,1224622.99,-4625115.17138
"626",1058,207846.0969116,0,1236622.99,-4625115.17138
"627",1059,207846.0969067,0,1248622.99,-4625115.17138
"628",1060,207846.0969092,0,1260622.99,-4625115.17138
"629",1061,207846.0969116,0,1272622.99,-4625115.17138
"630",1062,415692.1938184,0,1284622.99,-4625115.17138
"631",1063,207846.0969092,0,1296622.99,-4625115.17138
"632",1064,207846.0969067,0,1308622.99,-4625115.17138
"633",1065,207846.0969092,0,1320622.99,-4625115.17138
"634",1066,207846.0969067,2,1332622.99,-4625115.17138
"635",1067,415692.1938184,0,1344622.99,-4625115.17138
"636",1068,207846.0969116,0,1356622.99,-4625115.17138
"637",1069,207846.0969092,0,1368622.99,-4625115.17138
"638",1070,207846.0969067,0,1380622.99,-4625115.17138
"639",1075,78172.3176404,0,1110622.99,-4628579.27299
"640",1076,138564.0646061,0,1122622.99,-4628579.27299
"641",1077,207846.0969116,0,1134622.99,-4628579.27299
"642",1078,138564.0646029,0,1146622.99,-4628579.27299
"643",1079,103923.0484534,0,1158622.99,-4628579.27299
"644",1080,207846.0969067,0,1170622.99,-4628579.27299
"645",1081,138564.0646029,2,1182622.99,-4628579.27299
"646",1082,415692.1938184,2,1194622.99,-4628579.27299
"647",1083,138564.0646045,0,1206622.99,-4628579.27299
"648",1084,103923.048457,0,1218622.99,-4628579.27299
"649",1085,138564.0646029,0,1230622.99,-4628579.27299
"650",1086,103923.0484546,0,1242622.99,-4628579.27299
"651",1087,207846.0969067,0,1254622.99,-4628579.27299
"652",1088,138564.0646029,0,1266622.99,-4628579.27299
"653",1089,103923.0484546,0,1278622.99,-4628579.27299
"654",1090,103923.0484546,0,1290622.99,-4628579.27299
"655",1091,103923.0484546,0,1302622.99,-4628579.27299
"656",1092,207846.0969092,0,1314622.99,-4628579.27299
"657",1093,138564.0646045,0,1326622.99,-4628579.27299
"658",1094,103923.0484534,2,1338622.99,-4628579.27299
"659",1095,103923.0484534,0,1350622.99,-4628579.27299
"660",1096,103923.0484546,0,1362622.99,-4628579.27299
"661",1097,207846.0969043,0,1374622.99,-4628579.27299
"662",1098,106381.5432397,0,1386622.99,-4628579.27299
"663",1103,138564.0646045,0,1116622.99,-4632043.37461
"664",1104,207846.0969092,0,1128622.99,-4632043.37461
"665",1105,103923.0484509,0,1140622.99,-4632043.37461
"666",1106,103923.0484534,0,1152622.99,-4632043.37461
"667",1107,207846.0969067,0,1164622.99,-4632043.37461
"668",1108,207846.0969092,2,1176622.99,-4632043.37461
"669",1109,138564.0646077,2,1188622.99,-4632043.37461
"670",1110,207846.0969092,2,1200622.99,-4632043.37461
"671",1111,138564.0646029,0,1212622.99,-4632043.37461
"672",1112,207846.0969067,0,1224622.99,-4632043.37461
"673",1113,138564.0646045,0,1236622.99,-4632043.37461
"674",1114,103923.0484521,0,1248622.99,-4632043.37461
"675",1115,103923.0484558,0,1260622.99,-4632043.37461
"676",1116,103923.0484558,0,1272622.99,-4632043.37461
"677",1117,207846.0969067,0,1284622.99,-4632043.37461
"678",1118,138564.0646077,0,1296622.99,-4632043.37461
"679",1119,103923.0484534,0,1308622.99,-4632043.37461
"680",1120,103923.0484534,0,1320622.99,-4632043.37461
"681",1121,103923.0484546,2,1332622.99,-4632043.37461
"682",1122,207846.0969116,0,1344622.99,-4632043.37461
"683",1123,138564.0646045,0,1356622.99,-4632043.37461
"684",1124,103923.0484546,0,1368622.99,-4632043.37461
"685",1125,103923.0484521,0,1380622.99,-4632043.37461
"686",1130,0,0,1110622.99,-4635507.47622
"687",1131,207846.0969092,0,1122622.99,-4635507.47622
"688",1132,415692.1938184,0,1134622.99,-4635507.47622
"689",1133,207846.0969043,0,1146622.99,-4635507.47622
"690",1134,207846.0969092,0,1158622.99,-4635507.47622
"691",1135,415692.1938184,0,1170622.99,-4635507.47622
"692",1136,207846.0969043,2,1182622.99,-4635507.47622
"693",1137,415692.1938184,2,1194622.99,-4635507.47622
"694",1138,415692.1938184,0,1206622.99,-4635507.47622
"695",1139,207846.0969043,2,1218622.99,-4635507.47622
"696",1140,415692.1938184,0,1230622.99,-4635507.47622
"697",1141,207846.0969092,0,1242622.99,-4635507.47622
"698",1142,415692.1938086,0,1254622.99,-4635507.47622
"699",1143,207846.0969092,0,1266622.99,-4635507.47622
"700",1144,207846.0969092,0,1278622.99,-4635507.47622
"701",1145,207846.0969067,0,1290622.99,-4635507.47622
"702",1146,207846.0969067,0,1302622.99,-4635507.47622
"703",1147,415692.1938184,0,1314622.99,-4635507.47622
"704",1148,207846.0969092,0,1326622.99,-4635507.47622
"705",1149,207846.0969092,0,1338622.99,-4635507.47622
"706",1150,207846.0969092,0,1350622.99,-4635507.47622
"707",1151,207846.0969067,0,1362622.99,-4635507.47622
"708",1152,415692.1938184,0,1374622.99,-4635507.47622
"709",1153,351864.5932373,0,1386622.99,-4635507.47622
"710",1158,62795.7136621,0,1116622.99,-4638971.57784
"711",1159,103923.0484534,0,1128622.99,-4638971.57784
"712",1160,207846.0969092,0,1140622.99,-4638971.57784
"713",1161,207846.0969116,0,1152622.99,-4638971.57784
"714",1162,415692.1938232,0,1164622.99,-4638971.57784
"715",1163,207846.0969092,2,1176622.99,-4638971.57784
"716",1164,103923.0484521,2,1188622.99,-4638971.57784
"717",1165,138564.0646029,0,1200622.99,-4638971.57784
"718",1166,138564.0646029,2,1212622.99,-4638971.57784
"719",1167,415692.1938184,0,1224622.99,-4638971.57784
"720",1168,138564.0646077,0,1236622.99,-4638971.57784
"721",1169,138564.0646077,0,1248622.99,-4638971.57784
"722",1170,103923.0484558,0,1260622.99,-4638971.57784
"723",1171,103923.0484558,0,1272622.99,-4638971.57784
"724",1172,207846.0969067,0,1284622.99,-4638971.57784
"725",1173,103923.0484534,0,1296622.99,-4638971.57784
"726",1174,103923.0484546,0,1308622.99,-4638971.57784
"727",1175,103923.0484546,0,1320622.99,-4638971.57784
"728",1176,103923.0484534,0,1332622.99,-4638971.57784
"729",1177,207846.0969067,0,1344622.99,-4638971.57784
"730",1178,103923.0484534,0,1356622.99,-4638971.57784
"731",1179,103923.0484521,0,1368622.99,-4638971.57784
"732",1180,103923.0484534,0,1380622.99,-4638971.57784
"733",1181,959.3010107,0,1392622.99,-4638971.57784
"734",1186,134145.3058757,0,1122622.99,-4642435.67945
"735",1187,207846.0969116,0,1134622.99,-4642435.67945
"736",1188,415692.1938135,0,1146622.99,-4642435.67945
"737",1189,207846.0969067,0,1158622.99,-4642435.67945
"738",1190,415692.1938184,0,1170622.99,-4642435.67945
"739",1191,207846.0969067,2,1182622.99,-4642435.67945
"740",1192,207846.0969092,2,1194622.99,-4642435.67945
"741",1193,138564.0646012,2,1206622.99,-4642435.67945
"742",1194,207846.0969092,2,1218622.99,-4642435.67945
"743",1195,207846.0969043,0,1230622.99,-4642435.67945
"744",1196,207846.0969067,0,1242622.99,-4642435.67945
"745",1197,207846.0969116,0,1254622.99,-4642435.67945
"746",1198,138564.0646061,0,1266622.99,-4642435.67945
"747",1199,103923.0484546,0,1278622.99,-4642435.67945
"748",1200,103923.0484546,0,1290622.99,-4642435.67945
"749",1201,138564.0646094,0,1302622.99,-4642435.67945
"750",1202,207846.0969067,0,1314622.99,-4642435.67945
"751",1203,138564.0646061,0,1326622.99,-4642435.67945
"752",1204,103923.0484546,0,1338622.99,-4642435.67945
"753",1205,103923.0484534,0,1350622.99,-4642435.67945
"754",1206,138564.0646029,0,1362622.99,-4642435.67945
"755",1207,207846.0969092,0,1374622.99,-4642435.67945
"756",1208,111252.6632202,0,1386622.99,-4642435.67945
"757",1214,207846.0969092,0,1128622.99,-4645899.78107
"758",1215,415692.1938184,0,1140622.99,-4645899.78107
"759",1216,415692.1938135,0,1152622.99,-4645899.78107
"760",1217,415692.1938135,2,1164622.99,-4645899.78107
"761",1218,415692.1938232,2,1176622.99,-4645899.78107
"762",1219,207846.0969067,2,1188622.99,-4645899.78107
"763",1220,207846.0969067,2,1200622.99,-4645899.78107
"764",1221,207846.0969067,2,1212622.99,-4645899.78107
"765",1222,415692.1938135,0,1224622.99,-4645899.78107
"766",1223,415692.1938232,0,1236622.99,-4645899.78107
"767",1224,415692.1938135,0,1248622.99,-4645899.78107
"768",1225,207846.0969067,0,1260622.99,-4645899.78107
"769",1226,207846.0969067,0,1272622.99,-4645899.78107
"770",1227,415692.1938135,0,1284622.99,-4645899.78107
"771",1228,207846.0969067,0,1296622.99,-4645899.78107
"772",1229,207846.0969067,0,1308622.99,-4645899.78107
"773",1230,207846.0969067,0,1320622.99,-4645899.78107
"774",1231,207846.0969141,0,1332622.99,-4645899.78107
"775",1232,415692.1938135,0,1344622.99,-4645899.78107
"776",1233,207846.0969092,0,1356622.99,-4645899.78107
"777",1234,207846.0969067,0,1368622.99,-4645899.78107
"778",1235,207846.0969067,2,1380622.99,-4645899.78107
"779",1241,128758.1226685,0,1122622.99,-4649363.88268
"780",1242,415692.1938184,0,1134622.99,-4649363.88268
"781",1243,415692.1938232,0,1146622.99,-4649363.88268
"782",1244,415692.1938184,0,1158622.99,-4649363.88268
"783",1245,415692.1938135,2,1170622.99,-4649363.88268
"784",1246,207846.0969067,2,1182622.99,-4649363.88268
"785",1247,207846.0969092,2,1194622.99,-4649363.88268
"786",1248,207846.0969116,2,1206622.99,-4649363.88268
"787",1249,207846.0969092,0,1218622.99,-4649363.88268
"788",1250,207846.0969092,0,1230622.99,-4649363.88268
"789",1251,415692.1938086,0,1242622.99,-4649363.88268
"790",1252,415692.1938184,0,1254622.99,-4649363.88268
"791",1253,103923.0484521,0,1266622.99,-4649363.88268
"792",1254,103923.0484534,0,1278622.99,-4649363.88268
"793",1255,103923.0484558,0,1290622.99,-4649363.88268
"794",1256,103923.0484509,0,1302622.99,-4649363.88268
"795",1257,207846.0969092,0,1314622.99,-4649363.88268
"796",1258,103923.0484521,0,1326622.99,-4649363.88268
"797",1259,103923.0484546,0,1338622.99,-4649363.88268
"798",1260,103923.0484546,0,1350622.99,-4649363.88268
"799",1261,103923.0484534,0,1362622.99,-4649363.88268
"800",1262,207846.0969092,2,1374622.99,-4649363.88268
"801",1263,44859.0507007,0,1386622.99,-4649363.88268
"802",1269,138564.0646045,0,1128622.99,-4652827.9843
"803",1270,415692.1938184,0,1140622.99,-4652827.9843
"804",1271,415692.1938184,0,1152622.99,-4652827.9843
"805",1272,415692.1938184,2,1164622.99,-4652827.9843
"806",1273,207846.0969043,2,1176622.99,-4652827.9843
"807",1274,103923.0484546,2,1188622.99,-4652827.9843
"808",1275,138564.0646077,2,1200622.99,-4652827.9843
"809",1276,415692.1938086,0,1212622.99,-4652827.9843
"810",1277,207846.0969092,0,1224622.99,-4652827.9843
"811",1278,415692.1938184,0,1236622.99,-4652827.9843
"812",1279,415692.1938184,0,1248622.99,-4652827.9843
"813",1280,207846.0969116,0,1260622.99,-4652827.9843
"814",1281,138564.0646045,0,1272622.99,-4652827.9843
"815",1282,207846.0969092,0,1284622.99,-4652827.9843
"816",1283,138564.0646077,0,1296622.99,-4652827.9843
"817",1284,103923.0484521,0,1308622.99,-4652827.9843
"818",1285,103923.0484558,0,1320622.99,-4652827.9843
"819",1286,138564.0646061,0,1332622.99,-4652827.9843
"820",1287,207846.0969067,0,1344622.99,-4652827.9843
"821",1288,138564.0646077,0,1356622.99,-4652827.9843
"822",1289,103923.0484534,0,1368622.99,-4652827.9843
"823",1290,102979.3864771,2,1380622.99,-4652827.9843
"824",1296,122506.3978809,0,1122622.99,-4656292.08591
"825",1297,415692.1938135,0,1134622.99,-4656292.08591
"826",1298,415692.1938135,0,1146622.99,-4656292.08591
"827",1299,415692.1938135,0,1158622.99,-4656292.08591
"828",1300,415692.1938184,2,1170622.99,-4656292.08591
"829",1301,207846.0969092,2,1182622.99,-4656292.08591
"830",1302,415692.1938232,2,1194622.99,-4656292.08591
"831",1303,415692.1938135,2,1206622.99,-4656292.08591
"832",1304,207846.0969067,0,1218622.99,-4656292.08591
"833",1305,415692.1938086,0,1230622.99,-4656292.08591
"834",1306,415692.1938184,0,1242622.99,-4656292.08591
"835",1307,415692.1938232,0,1254622.99,-4656292.08591
"836",1308,207846.0969092,0,1266622.99,-4656292.08591
"837",1309,207846.0969067,0,1278622.99,-4656292.08591
"838",1310,207846.0969043,0,1290622.99,-4656292.08591
"839",1311,207846.0969067,0,1302622.99,-4656292.08591
"840",1312,415692.1938232,0,1314622.99,-4656292.08591
"841",1313,207846.0969116,0,1326622.99,-4656292.08591
"842",1314,207846.0969067,0,1338622.99,-4656292.08591
"843",1315,207846.0969067,0,1350622.99,-4656292.08591
"844",1316,207846.0969067,0,1362622.99,-4656292.08591
"845",1317,415692.1938184,2,1374622.99,-4656292.08591
"846",1318,2832.2849414,0,1386622.99,-4656292.08591
"847",1324,103923.0484546,0,1128622.99,-4659756.18753
"848",1325,138564.0646077,0,1140622.99,-4659756.18753
"849",1326,138564.0646045,0,1152622.99,-4659756.18753
"850",1327,415692.1938184,0,1164622.99,-4659756.18753
"851",1328,207846.0969092,2,1176622.99,-4659756.18753
"852",1329,138564.0646061,2,1188622.99,-4659756.18753
"853",1330,207846.0969116,2,1200622.99,-4659756.18753
"854",1331,207846.0969067,2,1212622.99,-4659756.18753
"855",1332,415692.1938184,0,1224622.99,-4659756.18753
"856",1333,415692.1938184,0,1236622.99,-4659756.18753
"857",1334,415692.1938184,0,1248622.99,-4659756.18753
"858",1335,415692.1938184,0,1260622.99,-4659756.18753
"859",1336,138564.0646077,0,1272622.99,-4659756.18753
"860",1337,207846.0969067,0,1284622.99,-4659756.18753
"861",1338,103923.0484546,0,1296622.99,-4659756.18753
"862",1339,103923.0484534,0,1308622.99,-4659756.18753
"863",1340,138564.0646061,0,1320622.99,-4659756.18753
"864",1341,138564.0646077,0,1332622.99,-4659756.18753
"865",1342,207846.0969043,0,1344622.99,-4659756.18753
"866",1343,103923.0484534,0,1356622.99,-4659756.18753
"867",1344,103923.0484534,0,1368622.99,-4659756.18753
"868",1345,69452.8609094,0,1380622.99,-4659756.18753
"869",1351,52529.7453809,0,1122622.99,-4663220.28914
"870",1352,207846.0969043,0,1134622.99,-4663220.28914
"871",1353,138564.0646029,0,1146622.99,-4663220.28914
"872",1354,207846.0969116,0,1158622.99,-4663220.28914
"873",1355,415692.1938232,2,1170622.99,-4663220.28914
"874",1356,207846.0969116,2,1182622.99,-4663220.28914
"875",1357,207846.0969043,2,1194622.99,-4663220.28914
"876",1358,207846.0969043,2,1206622.99,-4663220.28914
"877",1359,207846.0969092,0,1218622.99,-4663220.28914
"878",1360,415692.1938184,0,1230622.99,-4663220.28914
"879",1361,415692.1938135,0,1242622.99,-4663220.28914
"880",1362,415692.1938232,0,1254622.99,-4663220.28914
"881",1363,207846.0969067,0,1266622.99,-4663220.28914
"882",1364,103923.0484558,0,1278622.99,-4663220.28914
"883",1365,103923.0484521,0,1290622.99,-4663220.28914
"884",1366,138564.0646045,0,1302622.99,-4663220.28914
"885",1367,207846.0969092,0,1314622.99,-4663220.28914
"886",1368,207846.0969092,0,1326622.99,-4663220.28914
"887",1369,103923.0484583,0,1338622.99,-4663220.28914
"888",1370,103923.0484521,0,1350622.99,-4663220.28914
"889",1371,138564.0646012,2,1362622.99,-4663220.28914
"890",1372,207846.0969116,0,1374622.99,-4663220.28914
"891",1373,4.0925537,0,1386622.99,-4663220.28914
"892",1379,88869.1239624,0,1128622.99,-4666684.39076
"893",1380,103923.0484534,0,1140622.99,-4666684.39076
"894",1381,138564.0646045,0,1152622.99,-4666684.39076
"895",1382,415692.1938184,2,1164622.99,-4666684.39076
"896",1383,207846.0969116,2,1176622.99,-4666684.39076
"897",1384,207846.0969067,2,1188622.99,-4666684.39076
"898",1385,415692.1938086,2,1200622.99,-4666684.39076
"899",1386,415692.1938232,0,1212622.99,-4666684.39076
"900",1387,415692.1938184,0,1224622.99,-4666684.39076
"901",1388,415692.1938184,0,1236622.99,-4666684.39076
"902",1389,415692.1938135,0,1248622.99,-4666684.39076
"903",1390,415692.1938184,0,1260622.99,-4666684.39076
"904",1391,207846.0969067,0,1272622.99,-4666684.39076
"905",1392,207846.0969116,0,1284622.99,-4666684.39076
"906",1393,138564.0646045,0,1296622.99,-4666684.39076
"907",1394,103923.0484558,0,1308622.99,-4666684.39076
"908",1395,103923.0484521,0,1320622.99,-4666684.39076
"909",1396,138564.0646045,0,1332622.99,-4666684.39076
"910",1397,207846.0969067,0,1344622.99,-4666684.39076
"911",1398,138564.0646077,0,1356622.99,-4666684.39076
"912",1399,103923.048457,0,1368622.99,-4666684.39076
"913",1400,95507.2275317,0,1380622.99,-4666684.39076
"914",1406,65595.2974365,0,1122622.99,-4670148.49237
"915",1407,201586.5146484,0,1134622.99,-4670148.49237
"916",1408,138564.0646061,0,1146622.99,-4670148.49237
"917",1409,207846.0969092,0,1158622.99,-4670148.49237
"918",1410,415692.1938184,2,1170622.99,-4670148.49237
"919",1411,207846.0969067,2,1182622.99,-4670148.49237
"920",1412,415692.1938184,2,1194622.99,-4670148.49237
"921",1413,415692.1938135,2,1206622.99,-4670148.49237
"922",1414,415692.1938184,0,1218622.99,-4670148.49237
"923",1415,415692.1938086,0,1230622.99,-4670148.49237
"924",1416,415692.1938184,0,1242622.99,-4670148.49237
"925",1417,415692.1938184,0,1254622.99,-4670148.49237
"926",1418,207846.0969141,0,1266622.99,-4670148.49237
"927",1419,138564.0646077,0,1278622.99,-4670148.49237
"928",1420,103923.0484521,0,1290622.99,-4670148.49237
"929",1421,103923.048457,0,1302622.99,-4670148.49237
"930",1422,207846.0969067,0,1314622.99,-4670148.49237
"931",1423,103923.0484546,0,1326622.99,-4670148.49237
"932",1424,103923.0484534,0,1338622.99,-4670148.49237
"933",1425,103923.0484558,0,1350622.99,-4670148.49237
"934",1426,103923.0484534,0,1362622.99,-4670148.49237
"935",1427,207846.0969116,0,1374622.99,-4670148.49237
"936",1428,26452.9325537,0,1386622.99,-4670148.49237
"937",1433,48940.3126188,0,1116622.99,-4673612.59399
"938",1434,9100.0389323,0,1128622.99,-4673612.59399
"939",1435,207846.0969092,0,1140622.99,-4673612.59399
"940",1436,415692.1938232,0,1152622.99,-4673612.59399
"941",1437,415692.1938135,2,1164622.99,-4673612.59399
"942",1438,207846.0969067,2,1176622.99,-4673612.59399
"943",1439,207846.0969067,2,1188622.99,-4673612.59399
"944",1440,415692.1938232,0,1200622.99,-4673612.59399
"945",1441,415692.1938135,0,1212622.99,-4673612.59399
"946",1442,415692.1938135,0,1224622.99,-4673612.59399
"947",1443,415692.1938135,0,1236622.99,-4673612.59399
"948",1444,415692.1938184,0,1248622.99,-4673612.59399
"949",1445,415692.1938232,0,1260622.99,-4673612.59399
"950",1446,415692.1938135,0,1272622.99,-4673612.59399
"951",1447,415692.1938135,0,1284622.99,-4673612.59399
"952",1448,207846.0969043,0,1296622.99,-4673612.59399
"953",1449,207846.0969116,0,1308622.99,-4673612.59399
"954",1450,207846.0969092,0,1320622.99,-4673612.59399
"955",1451,207846.0969092,0,1332622.99,-4673612.59399
"956",1452,415692.1938135,0,1344622.99,-4673612.59399
"957",1453,207846.0969116,0,1356622.99,-4673612.59399
"958",1454,207846.0969116,0,1368622.99,-4673612.59399
"959",1455,185281.4145117,2,1380622.99,-4673612.59399
"960",1461,27028.2909265,0,1122622.99,-4677076.6956
"961",1462,189479.6761157,0,1134622.99,-4677076.6956
"962",1463,207846.0969092,0,1146622.99,-4677076.6956
"963",1464,415692.1938135,2,1158622.99,-4677076.6956
"964",1465,415692.1938184,2,1170622.99,-4677076.6956
"965",1466,207846.0969043,2,1182622.99,-4677076.6956
"966",1467,415692.1938135,2,1194622.99,-4677076.6956
"967",1468,415692.1938184,0,1206622.99,-4677076.6956
"968",1469,207846.0969043,0,1218622.99,-4677076.6956
"969",1470,207846.0969043,0,1230622.99,-4677076.6956
"970",1471,415692.1938184,0,1242622.99,-4677076.6956
"971",1472,415692.1938135,0,1254622.99,-4677076.6956
"972",1473,207846.0969043,0,1266622.99,-4677076.6956
"973",1474,207846.0969092,0,1278622.99,-4677076.6956
"974",1475,103923.0484521,0,1290622.99,-4677076.6956
"975",1476,138564.0646012,0,1302622.99,-4677076.6956
"976",1477,207846.0969116,0,1314622.99,-4677076.6956
"977",1478,138564.0646029,0,1326622.99,-4677076.6956
"978",1479,138564.0646029,0,1338622.99,-4677076.6956
"979",1480,138564.0646077,0,1350622.99,-4677076.6956
"980",1481,138564.0646045,0,1362622.99,-4677076.6956
"981",1482,207846.0968994,0,1374622.99,-4677076.6956
"982",1488,34751.9503271,0,1116622.99,-4680540.79722
"983",1489,2776.034563,0,1128622.99,-4680540.79722
"984",1490,103923.0484534,0,1140622.99,-4680540.79722
"985",1491,207846.0969067,2,1152622.99,-4680540.79722
"986",1492,415692.1938184,2,1164622.99,-4680540.79722
"987",1493,207846.0969043,2,1176622.99,-4680540.79722
"988",1494,138564.0646061,2,1188622.99,-4680540.79722
"989",1495,415692.1938184,0,1200622.99,-4680540.79722
"990",1496,415692.1938135,0,1212622.99,-4680540.79722
"991",1497,207846.0969092,0,1224622.99,-4680540.79722
"992",1498,415692.1938135,0,1236622.99,-4680540.79722
"993",1499,415692.1938184,0,1248622.99,-4680540.79722
"994",1500,207846.0969092,0,1260622.99,-4680540.79722
"995",1501,207846.0969092,0,1272622.99,-4680540.79722
"996",1502,207846.0969067,0,1284622.99,-4680540.79722
"997",1503,103923.048457,0,1296622.99,-4680540.79722
"998",1504,103923.0484521,0,1308622.99,-4680540.79722
"999",1505,103923.0484558,0,1320622.99,-4680540.79722
"1000",1506,103923.0484546,0,1332622.99,-4680540.79722
"1001",1507,415692.1938184,0,1344622.99,-4680540.79722
"1002",1508,103923.0484521,0,1356622.99,-4680540.79722
"1003",1509,103923.0484546,0,1368622.99,-4680540.79722
"1004",1510,51151.4775708,0,1380622.99,-4680540.79722
"1005",1516,190895.5619409,0,1122622.99,-4684004.89883
"1006",1517,130311.6713379,0,1134622.99,-4684004.89883
"1007",1518,207846.0969116,0,1146622.99,-4684004.89883
"1008",1519,415692.1938184,2,1158622.99,-4684004.89883
"1009",1520,415692.1938086,2,1170622.99,-4684004.89883
"1010",1521,415692.1938232,2,1182622.99,-4684004.89883
"1011",1522,415692.1938184,2,1194622.99,-4684004.89883
"1012",1523,415692.1938086,0,1206622.99,-4684004.89883
"1013",1524,207846.0969067,0,1218622.99,-4684004.89883
"1014",1525,207846.0969092,0,1230622.99,-4684004.89883
"1015",1526,415692.1938135,0,1242622.99,-4684004.89883
"1016",1527,415692.1938086,0,1254622.99,-4684004.89883
"1017",1528,207846.0969092,0,1266622.99,-4684004.89883
"1018",1529,207846.0969092,0,1278622.99,-4684004.89883
"1019",1530,207846.0969092,0,1290622.99,-4684004.89883
"1020",1531,207846.0969067,0,1302622.99,-4684004.89883
"1021",1532,415692.1938184,0,1314622.99,-4684004.89883
"1022",1533,207846.0969116,0,1326622.99,-4684004.89883
"1023",1534,207846.0969043,0,1338622.99,-4684004.89883
"1024",1535,207846.0969116,0,1350622.99,-4684004.89883
"1025",1536,207846.0969141,0,1362622.99,-4684004.89883
"1026",1537,415692.1938135,0,1374622.99,-4684004.89883
"1027",1543,49912.5293066,0,1116622.99,-4687469.00045
"1028",1544,38833.8198096,0,1128622.99,-4687469.00045
"1029",1545,34404.5707507,2,1140622.99,-4687469.00045
"1030",1546,207846.0969092,0,1152622.99,-4687469.00045
"1031",1547,415692.1938184,2,1164622.99,-4687469.00045
"1032",1548,415692.1938184,2,1176622.99,-4687469.00045
"1033",1549,207846.0969092,2,1188622.99,-4687469.00045
"1034",1550,415692.1938184,0,1200622.99,-4687469.00045
"1035",1551,415692.1938184,0,1212622.99,-4687469.00045
"1036",1552,207846.0969092,0,1224622.99,-4687469.00045
"1037",1553,207846.0969141,0,1236622.99,-4687469.00045
"1038",1554,138564.0646045,0,1248622.99,-4687469.00045
"1039",1555,103923.0484546,0,1260622.99,-4687469.00045
"1040",1556,207846.0969043,0,1272622.99,-4687469.00045
"1041",1557,207846.0969067,0,1284622.99,-4687469.00045
"1042",1558,138564.0646029,0,1296622.99,-4687469.00045
"1043",1559,103923.0484546,0,1308622.99,-4687469.00045
"1044",1560,103923.0484521,0,1320622.99,-4687469.00045
"1045",1561,207846.0969092,0,1332622.99,-4687469.00045
"1046",1562,415692.1938184,0,1344622.99,-4687469.00045
"1047",1563,138564.0646045,0,1356622.99,-4687469.00045
"1048",1564,136375.416626,0,1368622.99,-4687469.00045
"1049",1565,71461.4151343,0,1380622.99,-4687469.00045
"1050",1571,103923.0484558,0,1122622.99,-4690933.10206
"1051",1572,107835.4118506,0,1134622.99,-4690933.10206
"1052",1573,73068.8817847,0,1146622.99,-4690933.10206
"1053",1574,415692.1938135,2,1158622.99,-4690933.10206
"1054",1575,415692.1938232,2,1170622.99,-4690933.10206
"1055",1576,415692.1938086,2,1182622.99,-4690933.10206
"1056",1577,415692.1938135,2,1194622.99,-4690933.10206
"1057",1578,415692.1938184,0,1206622.99,-4690933.10206
"1058",1579,138564.0646045,0,1218622.99,-4690933.10206
"1059",1580,103923.0484521,0,1230622.99,-4690933.10206
"1060",1581,138564.0646045,0,1242622.99,-4690933.10206
"1061",1582,207846.0969092,0,1254622.99,-4690933.10206
"1062",1583,138564.0646094,0,1266622.99,-4690933.10206
"1063",1584,138564.0646061,0,1278622.99,-4690933.10206
"1064",1585,103923.0484546,0,1290622.99,-4690933.10206
"1065",1586,103923.0484558,0,1302622.99,-4690933.10206
"1066",1587,207846.0969092,0,1314622.99,-4690933.10206
"1067",1588,138564.0646077,0,1326622.99,-4690933.10206
"1068",1589,207846.0969067,0,1338622.99,-4690933.10206
"1069",1590,138564.0646061,0,1350622.99,-4690933.10206
"1070",1591,38684.1940149,0,1362622.99,-4690933.10206
"1071",1592,83007.8364331,0,1374622.99,-4690933.10206
"1072",1593,9442.5876172,0,1386622.99,-4690933.10206
"1073",1598,30157.631709,0,1116622.99,-4694397.20368
"1074",1599,207846.0969092,0,1128622.99,-4694397.20368
"1075",1600,5273.368313,0,1140622.99,-4694397.20368
"1076",1601,207846.0969092,2,1152622.99,-4694397.20368
"1077",1602,415692.1938135,2,1164622.99,-4694397.20368
"1078",1603,415692.1938184,2,1176622.99,-4694397.20368
"1079",1604,207846.0969067,2,1188622.99,-4694397.20368
"1080",1605,415692.1938135,2,1200622.99,-4694397.20368
"1081",1606,415692.1938184,0,1212622.99,-4694397.20368
"1082",1607,415692.1938135,0,1224622.99,-4694397.20368
"1083",1608,207846.0969043,0,1236622.99,-4694397.20368
"1084",1609,207846.0969092,0,1248622.99,-4694397.20368
"1085",1610,207846.0969092,0,1260622.99,-4694397.20368
"1086",1611,207846.0969092,0,1272622.99,-4694397.20368
"1087",1612,415692.1938135,0,1284622.99,-4694397.20368
"1088",1613,207846.0969141,0,1296622.99,-4694397.20368
"1089",1614,207846.0969092,0,1308622.99,-4694397.20368
"1090",1615,207846.0969092,0,1320622.99,-4694397.20368
"1091",1616,207846.0969067,0,1332622.99,-4694397.20368
"1092",1617,415692.1938184,0,1344622.99,-4694397.20368
"1093",1618,207846.0969116,0,1356622.99,-4694397.20368
"1094",1620,84837.0666927,0,1380622.99,-4694397.20368
"1095",1626,100693.1711438,0,1122622.99,-4697861.30529
"1096",1627,176489.9148975,0,1134622.99,-4697861.30529
"1097",1628,205856.6079492,2,1146622.99,-4697861.30529
"1098",1629,415692.1938135,2,1158622.99,-4697861.30529
"1099",1630,415692.1938184,2,1170622.99,-4697861.30529
"1100",1631,207846.0969067,2,1182622.99,-4697861.30529
"1101",1632,415692.1938135,2,1194622.99,-4697861.30529
"1102",1633,415692.1938135,2,1206622.99,-4697861.30529
"1103",1634,138564.0646045,0,1218622.99,-4697861.30529
"1104",1635,103923.0484534,0,1230622.99,-4697861.30529
"1105",1636,103923.0484558,0,1242622.99,-4697861.30529
"1106",1637,207846.0969067,0,1254622.99,-4697861.30529
"1107",1638,138564.0646045,0,1266622.99,-4697861.30529
"1108",1639,103923.0484546,0,1278622.99,-4697861.30529
"1109",1640,103923.0484546,0,1290622.99,-4697861.30529
"1110",1641,103923.0484534,0,1302622.99,-4697861.30529
"1111",1642,207846.0969092,0,1314622.99,-4697861.30529
"1112",1643,138564.0646061,0,1326622.99,-4697861.30529
"1113",1644,103923.0484546,0,1338622.99,-4697861.30529
"1114",1645,103923.0484521,0,1350622.99,-4697861.30529
"1115",1646,19026.8471997,0,1362622.99,-4697861.30529
"1116",1647,35089.5658154,0,1374622.99,-4697861.30529
"1117",1648,107.5540308,0,1386622.99,-4697861.30529
"1118",1653,19579.0068034,0,1116622.99,-4701325.40691
"1119",1654,103923.0484558,0,1128622.99,-4701325.40691
"1120",1655,97441.0454199,2,1140622.99,-4701325.40691
"1121",1656,207846.0969067,2,1152622.99,-4701325.40691
"1122",1657,415692.1938184,2,1164622.99,-4701325.40691
"1123",1658,207846.0969067,2,1176622.99,-4701325.40691
"1124",1659,138564.0646045,2,1188622.99,-4701325.40691
"1125",1660,415692.1938184,2,1200622.99,-4701325.40691
"1126",1661,415692.1938135,2,1212622.99,-4701325.40691
"1127",1662,207846.0969116,0,1224622.99,-4701325.40691
"1128",1663,138564.0646061,0,1236622.99,-4701325.40691
"1129",1664,103923.0484546,0,1248622.99,-4701325.40691
"1130",1665,103923.0484509,0,1260622.99,-4701325.40691
"1131",1666,103923.0484558,0,1272622.99,-4701325.40691
"1132",1667,207846.0969067,0,1284622.99,-4701325.40691
"1133",1668,138564.0646045,0,1296622.99,-4701325.40691
"1134",1669,103923.0484534,0,1308622.99,-4701325.40691
"1135",1670,103923.048457,0,1320622.99,-4701325.40691
"1136",1671,103923.0484521,0,1332622.99,-4701325.40691
"1137",1672,207846.0969116,0,1344622.99,-4701325.40691
"1138",1673,87300.5923877,0,1356622.99,-4701325.40691
"1139",1675,62333.6430479,2,1380622.99,-4701325.40691
"1140",1681,201486.6595386,0,1122622.99,-4704789.50852
"1141",1682,415692.1938184,0,1134622.99,-4704789.50852
"1142",1683,415692.1938086,2,1146622.99,-4704789.50852
"1143",1684,415692.1938184,2,1158622.99,-4704789.50852
"1144",1685,415692.1938086,2,1170622.99,-4704789.50852
"1145",1686,207846.0969116,2,1182622.99,-4704789.50852
"1146",1687,415692.1938086,2,1194622.99,-4704789.50852
"1147",1688,415692.1938184,2,1206622.99,-4704789.50852
"1148",1689,207846.0969043,2,1218622.99,-4704789.50852
"1149",1690,207846.0969092,0,1230622.99,-4704789.50852
"1150",1691,207846.0969043,0,1242622.99,-4704789.50852
"1151",1692,415692.1938184,0,1254622.99,-4704789.50852
"1152",1693,207846.0969043,0,1266622.99,-4704789.50852
"1153",1694,207846.0969092,0,1278622.99,-4704789.50852
"1154",1695,207846.0969043,0,1290622.99,-4704789.50852
"1155",1696,207846.0969141,0,1302622.99,-4704789.50852
"1156",1697,415692.1938086,0,1314622.99,-4704789.50852
"1157",1698,207846.0969092,0,1326622.99,-4704789.50852
"1158",1699,207846.0969043,0,1338622.99,-4704789.50852
"1159",1700,207846.0969092,0,1350622.99,-4704789.50852
"1160",1702,121320.9488965,0,1374622.99,-4704789.50852
"1161",1708,5467.0135913,0,1116622.99,-4708253.61014
"1162",1709,103923.0484534,0,1128622.99,-4708253.61014
"1163",1710,207846.0969092,2,1140622.99,-4708253.61014
"1164",1711,415692.1938184,2,1152622.99,-4708253.61014
"1165",1712,415692.1938135,2,1164622.99,-4708253.61014
"1166",1713,207846.0969043,2,1176622.99,-4708253.61014
"1167",1714,103923.048457,2,1188622.99,-4708253.61014
"1168",1715,207846.0969092,2,1200622.99,-4708253.61014
"1169",1716,138564.0646061,2,1212622.99,-4708253.61014
"1170",1717,207846.0969092,0,1224622.99,-4708253.61014
"1171",1718,138564.0646045,0,1236622.99,-4708253.61014
"1172",1719,103923.0484521,0,1248622.99,-4708253.61014
"1173",1720,103923.0484546,0,1260622.99,-4708253.61014
"1174",1721,103923.048457,0,1272622.99,-4708253.61014
"1175",1722,207846.0969092,0,1284622.99,-4708253.61014
"1176",1723,138564.0646077,0,1296622.99,-4708253.61014
"1177",1724,103923.0484546,0,1308622.99,-4708253.61014
"1178",1725,103923.0484521,0,1320622.99,-4708253.61014
"1179",1726,103923.0484546,0,1332622.99,-4708253.61014
"1180",1727,207846.0969092,0,1344622.99,-4708253.61014
"1181",1728,22780.6498389,0,1356622.99,-4708253.61014
"1182",1730,32465.2141016,0,1380622.99,-4708253.61014
"1183",1736,74380.8178845,0,1122622.99,-4711717.71175
"1184",1737,207846.0969092,0,1134622.99,-4711717.71175
"1185",1738,415692.1938184,2,1146622.99,-4711717.71175
"1186",1739,415692.1938184,2,1158622.99,-4711717.71175
"1187",1740,415692.1938184,2,1170622.99,-4711717.71175
"1188",1741,138564.0646077,2,1182622.99,-4711717.71175
"1189",1742,207846.0969067,2,1194622.99,-4711717.71175
"1190",1743,138564.0646029,2,1206622.99,-4711717.71175
"1191",1744,103923.0484521,0,1218622.99,-4711717.71175
"1192",1745,103923.0484546,0,1230622.99,-4711717.71175
"1193",1746,103923.0484546,0,1242622.99,-4711717.71175
"1194",1747,207846.0969116,0,1254622.99,-4711717.71175
"1195",1748,138564.0646077,0,1266622.99,-4711717.71175
"1196",1749,103923.0484546,0,1278622.99,-4711717.71175
"1197",1750,103923.0484546,0,1290622.99,-4711717.71175
"1198",1751,103923.0484521,0,1302622.99,-4711717.71175
"1199",1752,207846.0969067,0,1314622.99,-4711717.71175
"1200",1753,138564.0646061,0,1326622.99,-4711717.71175
"1201",1754,103923.0484546,0,1338622.99,-4711717.71175
"1202",1755,94865.6663635,0,1350622.99,-4711717.71175
"1203",1757,58677.8528141,0,1374622.99,-4711717.71175
"1204",1763,4464.6387451,0,1116622.99,-4715181.81337
"1205",1764,207846.0969067,0,1128622.99,-4715181.81337
"1206",1765,415692.1938184,2,1140622.99,-4715181.81337
"1207",1766,415692.1938135,0,1152622.99,-4715181.81337
"1208",1767,415692.1938232,2,1164622.99,-4715181.81337
"1209",1768,207846.0969067,2,1176622.99,-4715181.81337
"1210",1769,207846.0969092,2,1188622.99,-4715181.81337
"1211",1770,415692.1938135,2,1200622.99,-4715181.81337
"1212",1771,207846.0969067,2,1212622.99,-4715181.81337
"1213",1772,415692.1938135,0,1224622.99,-4715181.81337
"1214",1773,207846.0969067,0,1236622.99,-4715181.81337
"1215",1774,207846.0969092,0,1248622.99,-4715181.81337
"1216",1775,207846.0969067,0,1260622.99,-4715181.81337
"1217",1776,207846.0969116,0,1272622.99,-4715181.81337
"1218",1777,415692.1938135,0,1284622.99,-4715181.81337
"1219",1778,207846.0969092,0,1296622.99,-4715181.81337
"1220",1779,207846.0969067,0,1308622.99,-4715181.81337
"1221",1780,207846.0969067,0,1320622.99,-4715181.81337
"1222",1781,207846.0969067,0,1332622.99,-4715181.81337
"1223",1782,415692.1938135,0,1344622.99,-4715181.81337
"1224",1783,13090.4334082,0,1356622.99,-4715181.81337
"1225",1785,24588.4817517,0,1380622.99,-4715181.81337
"1226",1791,49229.7380261,0,1122622.99,-4718645.91498
"1227",1792,415692.1938135,2,1134622.99,-4718645.91498
"1228",1793,415692.1938232,0,1146622.99,-4718645.91498
"1229",1794,415692.1938135,2,1158622.99,-4718645.91498
"1230",1795,207846.0969092,2,1170622.99,-4718645.91498
"1231",1796,103923.0484534,2,1182622.99,-4718645.91498
"1232",1797,207846.0969043,2,1194622.99,-4718645.91498
"1233",1798,207846.0969092,2,1206622.99,-4718645.91498
"1234",1799,103923.0484546,0,1218622.99,-4718645.91498
"1235",1800,103923.0484558,0,1230622.99,-4718645.91498
"1236",1801,103923.0484558,0,1242622.99,-4718645.91498
"1237",1802,207846.0969116,0,1254622.99,-4718645.91498
"1238",1803,138564.0646077,0,1266622.99,-4718645.91498
"1239",1804,103923.0484546,0,1278622.99,-4718645.91498
"1240",1805,103923.0484521,0,1290622.99,-4718645.91498
"1241",1806,103923.0484546,0,1302622.99,-4718645.91498
"1242",1807,207846.0969116,0,1314622.99,-4718645.91498
"1243",1808,138564.0646029,0,1326622.99,-4718645.91498
"1244",1809,103923.0484558,0,1338622.99,-4718645.91498
"1245",1810,56121.4449939,0,1350622.99,-4718645.91498
"1246",1812,5072.2466162,0,1374622.99,-4718645.91498
"1247",1819,122267.6210433,0,1128622.99,-4722110.0166
"1248",1820,415692.1938184,2,1140622.99,-4722110.0166
"1249",1821,415692.1938184,2,1152622.99,-4722110.0166
"1250",1822,415692.1938135,2,1164622.99,-4722110.0166
"1251",1823,138564.0646061,2,1176622.99,-4722110.0166
"1252",1824,138564.0646045,0,1188622.99,-4722110.0166
"1253",1825,207846.0969092,2,1200622.99,-4722110.0166
"1254",1826,138564.0646045,2,1212622.99,-4722110.0166
"1255",1827,207846.0969067,0,1224622.99,-4722110.0166
"1256",1828,138564.0646061,0,1236622.99,-4722110.0166
"1257",1829,103923.0484546,0,1248622.99,-4722110.0166
"1258",1830,103923.0484558,0,1260622.99,-4722110.0166
"1259",1831,103923.0484521,0,1272622.99,-4722110.0166
"1260",1832,207846.0969067,0,1284622.99,-4722110.0166
"1261",1833,138564.0646045,0,1296622.99,-4722110.0166
"1262",1834,103923.0484546,0,1308622.99,-4722110.0166
"1263",1835,103923.0484546,0,1320622.99,-4722110.0166
"1264",1836,103923.0484558,0,1332622.99,-4722110.0166
"1265",1837,207846.0969067,0,1344622.99,-4722110.0166
"1266",1846,25.9728613,0,1122622.99,-4725574.11821
"1267",1847,415692.1938184,0,1134622.99,-4725574.11821
"1268",1848,415692.1938135,0,1146622.99,-4725574.11821
"1269",1849,415692.1938184,2,1158622.99,-4725574.11821
"1270",1850,207846.0969092,2,1170622.99,-4725574.11821
"1271",1851,207846.0969116,0,1182622.99,-4725574.11821
"1272",1852,415692.1938184,2,1194622.99,-4725574.11821
"1273",1853,207846.0969043,2,1206622.99,-4725574.11821
"1274",1854,207846.0969067,0,1218622.99,-4725574.11821
"1275",1855,207846.0969116,0,1230622.99,-4725574.11821
"1276",1856,207846.0969043,0,1242622.99,-4725574.11821
"1277",1857,415692.1938135,0,1254622.99,-4725574.11821
"1278",1858,207846.0969116,0,1266622.99,-4725574.11821
"1279",1859,207846.0969067,0,1278622.99,-4725574.11821
"1280",1860,207846.0969067,0,1290622.99,-4725574.11821
"1281",1861,207846.0969116,0,1302622.99,-4725574.11821
"1282",1862,415692.1938135,0,1314622.99,-4725574.11821
"1283",1863,207846.0969043,0,1326622.99,-4725574.11821
"1284",1864,207846.0969092,0,1338622.99,-4725574.11821
"1285",1865,104238.3601294,0,1350622.99,-4725574.11821
"1286",1874,74369.2870752,0,1128622.99,-4729038.21983
"1287",1875,207846.0969116,0,1140622.99,-4729038.21983
"1288",1876,415692.1938135,2,1152622.99,-4729038.21983
"1289",1877,207846.0969092,2,1164622.99,-4729038.21983
"1290",1878,207846.0969092,2,1176622.99,-4729038.21983
"1291",1879,415692.1938184,0,1188622.99,-4729038.21983
"1292",1880,207846.0969116,0,1200622.99,-4729038.21983
"1293",1881,103923.0484546,2,1212622.99,-4729038.21983
"1294",1882,207846.0969067,2,1224622.99,-4729038.21983
"1295",1883,103923.048457,0,1236622.99,-4729038.21983
"1296",1884,103923.0484558,0,1248622.99,-4729038.21983
"1297",1885,103923.0484558,0,1260622.99,-4729038.21983
"1298",1886,103923.0484546,0,1272622.99,-4729038.21983
"1299",1887,207846.0969067,0,1284622.99,-4729038.21983
"1300",1888,103923.0484546,0,1296622.99,-4729038.21983
"1301",1889,103923.0484546,0,1308622.99,-4729038.21983
"1302",1890,103923.0484534,0,1320622.99,-4729038.21983
"1303",1891,103923.0484546,0,1332622.99,-4729038.21983
"1304",1892,203729.7245361,0,1344622.99,-4729038.21983
"1305",1902,207846.0969043,0,1134622.99,-4732502.32144
"1306",1903,415692.1938184,0,1146622.99,-4732502.32144
"1307",1904,207846.0969067,2,1158622.99,-4732502.32144
"1308",1905,207846.0969067,2,1170622.99,-4732502.32144
"1309",1906,207846.0969116,0,1182622.99,-4732502.32144
"1310",1907,415692.1938135,0,1194622.99,-4732502.32144
"1311",1908,138564.0646077,0,1206622.99,-4732502.32144
"1312",1909,103923.0484534,0,1218622.99,-4732502.32144
"1313",1910,103923.0484534,2,1230622.99,-4732502.32144
"1314",1911,138564.0646045,0,1242622.99,-4732502.32144
"1315",1912,207846.0969019,0,1254622.99,-4732502.32144
"1316",1913,138564.0646061,0,1266622.99,-4732502.32144
"1317",1914,103923.0484534,0,1278622.99,-4732502.32144
"1318",1915,103923.0484521,0,1290622.99,-4732502.32144
"1319",1916,138564.0646077,0,1302622.99,-4732502.32144
"1320",1917,207846.0969067,0,1314622.99,-4732502.32144
"1321",1918,138564.0646077,0,1326622.99,-4732502.32144
"1322",1919,90937.2302356,0,1338622.99,-4732502.32144
"1323",1920,24783.2105615,0,1350622.99,-4732502.32144
"1324",1929,71406.821748,0,1128622.99,-4735966.42306
"1325",1930,207846.0969067,0,1140622.99,-4735966.42306
"1326",1931,415692.1938184,0,1152622.99,-4735966.42306
"1327",1932,415692.1938232,2,1164622.99,-4735966.42306
"1328",1933,207846.0969067,0,1176622.99,-4735966.42306
"1329",1934,415692.1938184,0,1188622.99,-4735966.42306
"1330",1935,415692.1938135,0,1200622.99,-4735966.42306
"1331",1936,207846.0969092,2,1212622.99,-4735966.42306
"1332",1937,415692.1938184,2,1224622.99,-4735966.42306
"1333",1938,207846.0969067,2,1236622.99,-4735966.42306
"1334",1939,207846.0969092,0,1248622.99,-4735966.42306
"1335",1940,207846.0969043,0,1260622.99,-4735966.42306
"1336",1941,207846.0969116,0,1272622.99,-4735966.42306
"1337",1942,415692.1938184,0,1284622.99,-4735966.42306
"1338",1943,207846.0969067,0,1296622.99,-4735966.42306
"1339",1944,207846.0969116,0,1308622.99,-4735966.42306
"1340",1945,207846.0969043,0,1320622.99,-4735966.42306
"1341",1946,207846.0969092,0,1332622.99,-4735966.42306
"1342",1947,76081.5362109,0,1344622.99,-4735966.42306
"1343",1948,7933.2124414,0,1356622.99,-4735966.42306
"1344",1957,207846.0969092,0,1134622.99,-4739430.52467
"1345",1958,415692.1938086,0,1146622.99,-4739430.52467
"1346",1959,207846.0969092,2,1158622.99,-4739430.52467
"1347",1960,415692.1938184,2,1170622.99,-4739430.52467
"1348",1961,207846.0969116,0,1182622.99,-4739430.52467
"1349",1962,415692.1938184,0,1194622.99,-4739430.52467
"1350",1963,207846.0969043,0,1206622.99,-4739430.52467
"1351",1964,103923.0484558,0,1218622.99,-4739430.52467
"1352",1965,103923.0484558,0,1230622.99,-4739430.52467
"1353",1966,103923.0484534,0,1242622.99,-4739430.52467
"1354",1967,207846.0969067,0,1254622.99,-4739430.52467
"1355",1968,103923.0484521,0,1266622.99,-4739430.52467
"1356",1969,103923.0484558,0,1278622.99,-4739430.52467
"1357",1970,103923.0484546,0,1290622.99,-4739430.52467
"1358",1971,103923.0484534,0,1302622.99,-4739430.52467
"1359",1972,207846.0969067,0,1314622.99,-4739430.52467
"1360",1973,103923.0484534,0,1326622.99,-4739430.52467
"1361",1974,98050.371427,0,1338622.99,-4739430.52467
"1362",1975,13222.4881104,0,1350622.99,-4739430.52467
"1363",1984,27761.0969861,0,1128622.99,-4742894.62629
"1364",1985,138564.0646045,0,1140622.99,-4742894.62629
"1365",1986,415692.1938184,2,1152622.99,-4742894.62629
"1366",1987,415692.1938135,2,1164622.99,-4742894.62629
"1367",1988,207846.0969141,2,1176622.99,-4742894.62629
"1368",1989,415692.1938135,0,1188622.99,-4742894.62629
"1369",1990,415692.1938184,0,1200622.99,-4742894.62629
"1370",1991,207846.0969092,0,1212622.99,-4742894.62629
"1371",1992,207846.0969067,0,1224622.99,-4742894.62629
"1372",1993,138564.0646029,0,1236622.99,-4742894.62629
"1373",1994,103923.0484546,0,1248622.99,-4742894.62629
"1374",1995,103923.0484546,0,1260622.99,-4742894.62629
"1375",1996,138564.0646077,0,1272622.99,-4742894.62629
"1376",1997,207846.0969043,0,1284622.99,-4742894.62629
"1377",1998,138564.0646045,0,1296622.99,-4742894.62629
"1378",1999,103923.0484546,0,1308622.99,-4742894.62629
"1379",2000,103923.0484558,0,1320622.99,-4742894.62629
"1380",2001,138564.0646045,0,1332622.99,-4742894.62629
"1381",2002,54950.7902197,0,1344622.99,-4742894.62629
"1382",2003,178360.7170313,0,1356622.99,-4742894.62629
"1383",2012,412716.9990234,0,1134622.99,-4746358.72791
"1384",2013,415692.1938184,0,1146622.99,-4746358.72791
"1385",2014,207846.0969067,2,1158622.99,-4746358.72791
"1386",2015,415692.1938135,2,1170622.99,-4746358.72791
"1387",2016,207846.0969043,2,1182622.99,-4746358.72791
"1388",2017,415692.1938184,0,1194622.99,-4746358.72791
"1389",2018,415692.1938184,0,1206622.99,-4746358.72791
"1390",2019,207846.0969092,2,1218622.99,-4746358.72791
"1391",2020,207846.0969043,0,1230622.99,-4746358.72791
"1392",2021,207846.0969092,0,1242622.99,-4746358.72791
"1393",2022,415692.1938184,0,1254622.99,-4746358.72791
"1394",2023,207846.0969067,0,1266622.99,-4746358.72791
"1395",2024,207846.0969092,0,1278622.99,-4746358.72791
"1396",2025,207846.0969067,0,1290622.99,-4746358.72791
"1397",2026,207846.0969043,0,1302622.99,-4746358.72791
"1398",2027,415692.1938184,0,1314622.99,-4746358.72791
"1399",2028,207846.0969116,0,1326622.99,-4746358.72791
"1400",2029,207846.0969092,0,1338622.99,-4746358.72791
"1401",2030,83621.1339453,0,1350622.99,-4746358.72791
"1402",2031,18074.2615576,0,1362622.99,-4746358.72791
"1403",2039,4658.7233105,0,1128622.99,-4749822.82952
"1404",2040,103923.0484546,0,1140622.99,-4749822.82952
"1405",2041,207846.0969092,2,1152622.99,-4749822.82952
"1406",2042,207846.0969067,2,1164622.99,-4749822.82952
"1407",2043,207846.0969092,2,1176622.99,-4749822.82952
"1408",2044,415692.1938135,0,1188622.99,-4749822.82952
"1409",2045,415692.1938232,0,1200622.99,-4749822.82952
"1410",2046,415692.1938135,0,1212622.99,-4749822.82952
"1411",2047,207846.0969092,0,1224622.99,-4749822.82952
"1412",2048,103923.0484534,0,1236622.99,-4749822.82952
"1413",2049,103923.0484534,0,1248622.99,-4749822.82952
"1414",2050,103923.0484546,0,1260622.99,-4749822.82952
"1415",2051,103923.048457,0,1272622.99,-4749822.82952
"1416",2052,207846.0969092,0,1284622.99,-4749822.82952
"1417",2053,103923.0484534,0,1296622.99,-4749822.82952
"1418",2054,103923.0484521,0,1308622.99,-4749822.82952
"1419",2055,103923.0484521,0,1320622.99,-4749822.82952
"1420",2056,103923.0484546,0,1332622.99,-4749822.82952
"1421",2057,55901.9948218,0,1344622.99,-4749822.82952
"1422",2058,55985.7283105,0,1356622.99,-4749822.82952
"1423",2067,3557.4529004,0,1134622.99,-4753286.93114
"1424",2068,207846.0969116,0,1146622.99,-4753286.93114
"1425",2069,207846.0969043,2,1158622.99,-4753286.93114
"1426",2070,207846.0969116,2,1170622.99,-4753286.93114
"1427",2071,207846.0969043,2,1182622.99,-4753286.93114
"1428",2072,415692.1938184,0,1194622.99,-4753286.93114
"1429",2073,415692.1938135,0,1206622.99,-4753286.93114
"1430",2074,207846.0969092,2,1218622.99,-4753286.93114
"1431",2075,103923.0484546,2,1230622.99,-4753286.93114
"1432",2076,138564.0646061,0,1242622.99,-4753286.93114
"1433",2077,207846.0969067,0,1254622.99,-4753286.93114
"1434",2078,138564.0646061,0,1266622.99,-4753286.93114
"1435",2079,103923.0484546,0,1278622.99,-4753286.93114
"1436",2080,103923.0484509,0,1290622.99,-4753286.93114
"1437",2081,130371.6045801,0,1302622.99,-4753286.93114
"1438",2082,207846.0969043,0,1314622.99,-4753286.93114
"1439",2083,138564.0646029,0,1326622.99,-4753286.93114
"1440",2084,89406.3782483,0,1338622.99,-4753286.93114
"1441",2085,110799.462063,0,1350622.99,-4753286.93114
"1442",2095,143453.840437,0,1140622.99,-4756751.03275
"1443",2096,207846.0969067,2,1152622.99,-4756751.03275
"1444",2097,415692.1938135,2,1164622.99,-4756751.03275
"1445",2098,138564.0646061,2,1176622.99,-4756751.03275
"1446",2099,415692.1938184,2,1188622.99,-4756751.03275
"1447",2100,415692.1938086,2,1200622.99,-4756751.03275
"1448",2101,415692.1938184,2,1212622.99,-4756751.03275
"1449",2102,207846.0969092,2,1224622.99,-4756751.03275
"1450",2103,138564.0646061,0,1236622.99,-4756751.03275
"1451",2104,103923.0484534,0,1248622.99,-4756751.03275
"1452",2105,103923.0484534,0,1260622.99,-4756751.03275
"1453",2106,138564.0646045,0,1272622.99,-4756751.03275
"1454",2107,207846.0969067,0,1284622.99,-4756751.03275
"1455",2108,132932.1300911,0,1296622.99,-4756751.03275
"1456",2109,111923.0076782,0,1308622.99,-4756751.03275
"1457",2110,103923.0484534,0,1320622.99,-4756751.03275
"1458",2111,138563.4555729,0,1332622.99,-4756751.03275
"1459",2112,1963.838811,0,1344622.99,-4756751.03275
"1460",2113,14673.4636084,0,1356622.99,-4756751.03275
"1461",2122,31393.7478223,0,1134622.99,-4760215.13437
"1462",2123,134858.9095133,2,1146622.99,-4760215.13437
"1463",2124,415692.1938232,2,1158622.99,-4760215.13437
"1464",2125,138564.0646045,2,1170622.99,-4760215.13437
"1465",2126,138564.0646029,2,1182622.99,-4760215.13437
"1466",2127,415692.1938135,2,1194622.99,-4760215.13437
"1467",2128,415692.1938135,0,1206622.99,-4760215.13437
"1468",2129,207846.0969067,2,1218622.99,-4760215.13437
"1469",2130,103923.0484534,2,1230622.99,-4760215.13437
"1470",2131,103923.0484546,0,1242622.99,-4760215.13437
"1471",2132,207846.0969067,0,1254622.99,-4760215.13437
"1472",2133,103923.0484546,2,1266622.99,-4760215.13437
"1473",2134,103923.0484546,2,1278622.99,-4760215.13437
"1474",2135,57608.3130729,0,1290622.99,-4760215.13437
"1475",2136,46909.8695776,0,1302622.99,-4760215.13437
"1476",2137,119663.0671517,0,1314622.99,-4760215.13437
"1477",2138,103923.048457,0,1326622.99,-4760215.13437
"1478",2139,3900.4819775,0,1338622.99,-4760215.13437
"1479",2150,503.7196436,0,1140622.99,-4763679.23598
"1480",2151,207846.0969067,2,1152622.99,-4763679.23598
"1481",2152,415692.1938135,2,1164622.99,-4763679.23598
"1482",2153,207846.0969092,2,1176622.99,-4763679.23598
"1483",2154,415692.1938184,2,1188622.99,-4763679.23598
"1484",2155,415692.1938184,2,1200622.99,-4763679.23598
"1485",2156,415692.1938184,2,1212622.99,-4763679.23598
"1486",2157,415692.1938184,2,1224622.99,-4763679.23598
"1487",2158,207846.0969116,0,1236622.99,-4763679.23598
"1488",2159,207846.0969092,0,1248622.99,-4763679.23598
"1489",2160,207846.0969067,0,1260622.99,-4763679.23598
"1490",2161,207846.0969043,2,1272622.99,-4763679.23598
"1491",2162,415692.1938184,0,1284622.99,-4763679.23598
"1492",2163,197244.3117554,0,1296622.99,-4763679.23598
"1493",2164,29865.7129492,0,1308622.99,-4763679.23598
"1494",2165,207846.0969092,0,1320622.99,-4763679.23598
"1495",2166,71678.052561,0,1332622.99,-4763679.23598
"1496",2178,32061.096166,0,1146622.99,-4767143.3376
"1497",2179,138564.0646077,2,1158622.99,-4767143.3376
"1498",2180,138564.0646029,2,1170622.99,-4767143.3376
"1499",2181,138564.0646029,2,1182622.99,-4767143.3376
"1500",2182,207846.0969092,2,1194622.99,-4767143.3376
"1501",2183,207846.0969067,0,1206622.99,-4767143.3376
"1502",2184,103923.0484558,2,1218622.99,-4767143.3376
"1503",2185,103923.048457,2,1230622.99,-4767143.3376
"1504",2186,138564.0646045,0,1242622.99,-4767143.3376
"1505",2187,207846.0969067,0,1254622.99,-4767143.3376
"1506",2188,138564.0646061,0,1266622.99,-4767143.3376
"1507",2189,103923.0484521,2,1278622.99,-4767143.3376
"1508",2190,33841.6953672,0,1290622.99,-4767143.3376
"1509",2191,55230.6210913,0,1302622.99,-4767143.3376
"1510",2192,209363.3948291,0,1314622.99,-4767143.3376
"1511",2193,137114.7492952,0,1326622.99,-4767143.3376
"1512",2194,35553.9092737,0,1338622.99,-4767143.3376
"1513",2206,101625.3232629,0,1152622.99,-4770607.43921
"1514",2207,207846.0969067,2,1164622.99,-4770607.43921
"1515",2208,103923.0484558,2,1176622.99,-4770607.43921
"1516",2209,138564.0646029,2,1188622.99,-4770607.43921
"1517",2210,138564.0646045,2,1200622.99,-4770607.43921
"1518",2211,138564.0646045,2,1212622.99,-4770607.43921
"1519",2212,207846.0969067,2,1224622.99,-4770607.43921
"1520",2213,103923.0484534,0,1236622.99,-4770607.43921
"1521",2214,103923.0484558,0,1248622.99,-4770607.43921
"1522",2215,103923.0484558,0,1260622.99,-4770607.43921
"1523",2216,103923.0484521,0,1272622.99,-4770607.43921
"1524",2217,207846.0969067,0,1284622.99,-4770607.43921
"1525",2218,28047.2593506,0,1296622.99,-4770607.43921
"1526",2220,22538.8681828,0,1320622.99,-4770607.43921
"1527",2221,46406.3265518,0,1332622.99,-4770607.43921
"1528",2222,29635.6395728,0,1344622.99,-4770607.43921
"1529",2233,25403.9236182,0,1146622.99,-4774071.54083
"1530",2234,207846.0969092,2,1158622.99,-4774071.54083
"1531",2235,415692.1938232,2,1170622.99,-4774071.54083
"1532",2236,207846.0969043,2,1182622.99,-4774071.54083
"1533",2237,415692.1938135,2,1194622.99,-4774071.54083
"1534",2238,207846.0969116,2,1206622.99,-4774071.54083
"1535",2239,207846.0969067,2,1218622.99,-4774071.54083
"1536",2240,207846.0969067,0,1230622.99,-4774071.54083
"1537",2241,207846.0969116,0,1242622.99,-4774071.54083
"1538",2242,415692.1938135,0,1254622.99,-4774071.54083
"1539",2243,207846.0969067,0,1266622.99,-4774071.54083
"1540",2244,207846.0969116,0,1278622.99,-4774071.54083
"1541",2245,25577.7249089,0,1290622.99,-4774071.54083
"1542",2246,185777.7309058,0,1302622.99,-4774071.54083
"1543",2247,51894.5452051,0,1314622.99,-4774071.54083
"1544",2248,22969.4302246,0,1326622.99,-4774071.54083
"1545",2249,205489.6095435,0,1338622.99,-4774071.54083
"1546",2261,104517.258208,0,1152622.99,-4777535.64244
"1547",2262,207846.0969092,2,1164622.99,-4777535.64244
"1548",2263,138564.0646061,2,1176622.99,-4777535.64244
"1549",2264,138564.0646045,2,1188622.99,-4777535.64244
"1550",2265,138564.0646061,2,1200622.99,-4777535.64244
"1551",2266,138564.0646061,2,1212622.99,-4777535.64244
"1552",2267,207846.0969116,2,1224622.99,-4777535.64244
"1553",2268,207846.0969067,0,1236622.99,-4777535.64244
"1554",2269,103923.0484546,0,1248622.99,-4777535.64244
"1555",2270,103923.0484521,0,1260622.99,-4777535.64244
"1556",2271,138564.0646045,0,1272622.99,-4777535.64244
"1557",2272,108436.3409961,0,1284622.99,-4777535.64244
"1558",2273,23465.3511689,0,1296622.99,-4777535.64244
"1559",2274,15384.1208936,0,1308622.99,-4777535.64244
"1560",2275,52725.7537061,0,1320622.99,-4777535.64244
"1561",2276,106600.6826839,0,1332622.99,-4777535.64244
"1562",2277,58972.9381421,0,1344622.99,-4777535.64244
"1563",2289,81329.8724385,2,1158622.99,-4780999.74406
"1564",2290,138564.0646045,2,1170622.99,-4780999.74406
"1565",2291,103923.0484534,2,1182622.99,-4780999.74406
"1566",2292,207846.0969092,2,1194622.99,-4780999.74406
"1567",2293,138564.0646045,2,1206622.99,-4780999.74406
"1568",2294,138564.0645996,2,1218622.99,-4780999.74406
"1569",2295,207846.0969092,0,1230622.99,-4780999.74406
"1570",2296,138564.0646045,0,1242622.99,-4780999.74406
"1571",2297,207846.0969092,0,1254622.99,-4780999.74406
"1572",2298,103923.048457,0,1266622.99,-4780999.74406
"1573",2299,97118.4177539,0,1278622.99,-4780999.74406
"1574",2300,6558.1920234,0,1290622.99,-4780999.74406
"1575",2301,36671.2958582,0,1302622.99,-4780999.74406
"1576",2302,99137.5261344,0,1314622.99,-4780999.74406
"1577",2303,2900.5103483,0,1326622.99,-4780999.74406
"1578",2304,86488.5351575,0,1338622.99,-4780999.74406
"1579",2316,17398.3649121,0,1152622.99,-4784463.84567
"1580",2317,409264.2006055,2,1164622.99,-4784463.84567
"1581",2318,207846.0969116,2,1176622.99,-4784463.84567
"1582",2319,415692.1938184,2,1188622.99,-4784463.84567
"1583",2320,415692.1938135,2,1200622.99,-4784463.84567
"1584",2321,415692.1938184,2,1212622.99,-4784463.84567
"1585",2322,415692.1938232,2,1224622.99,-4784463.84567
"1586",2323,207846.0969092,0,1236622.99,-4784463.84567
"1587",2324,207846.0969067,0,1248622.99,-4784463.84567
"1588",2325,204267.3327612,0,1260622.99,-4784463.84567
"1589",2326,207846.0969092,0,1272622.99,-4784463.84567
"1590",2327,51902.2712874,0,1284622.99,-4784463.84567
"1591",2328,41258.5338916,0,1296622.99,-4784463.84567
"1592",2329,37477.0650049,0,1308622.99,-4784463.84567
"1593",2330,85005.3814714,0,1320622.99,-4784463.84567
"1594",2331,100582.1123307,0,1332622.99,-4784463.84567
"1595",2344,76893.0736853,2,1158622.99,-4787927.94729
"1596",2345,98620.8774658,2,1170622.99,-4787927.94729
"1597",2346,138564.0646094,2,1182622.99,-4787927.94729
"1598",2347,415692.1938184,2,1194622.99,-4787927.94729
"1599",2348,415692.1938184,2,1206622.99,-4787927.94729
"1600",2349,415692.1938135,2,1218622.99,-4787927.94729
"1601",2350,415692.1938184,0,1230622.99,-4787927.94729
"1602",2351,138564.0646061,0,1242622.99,-4787927.94729
"1603",2352,82571.8693982,0,1254622.99,-4787927.94729
"1604",2353,138564.0646029,0,1266622.99,-4787927.94729
"1605",2354,86276.5569153,0,1278622.99,-4787927.94729
"1606",2355,39033.9515552,0,1290622.99,-4787927.94729
"1607",2357,172347.0680737,0,1314622.99,-4787927.94729
"1608",2358,81242.4126969,0,1326622.99,-4787927.94729
"1609",2359,75132.8485352,0,1338622.99,-4787927.94729
"1610",2372,153423.7774609,2,1164622.99,-4791392.0489
"1611",2373,138564.0646029,2,1176622.99,-4791392.0489
"1612",2374,415692.1938184,2,1188622.99,-4791392.0489
"1613",2375,415692.1938232,2,1200622.99,-4791392.0489
"1614",2376,415692.1938086,2,1212622.99,-4791392.0489
"1615",2377,415692.1938184,2,1224622.99,-4791392.0489
"1616",2378,207846.0969067,0,1236622.99,-4791392.0489
"1617",2379,103923.0484534,0,1248622.99,-4791392.0489
"1618",2380,102567.3759497,0,1260622.99,-4791392.0489
"1619",2381,103923.0484558,0,1272622.99,-4791392.0489
"1620",2382,81333.7290202,0,1284622.99,-4791392.0489
"1621",2385,70622.8159736,0,1320622.99,-4791392.0489
"1622",2386,103375.4679321,0,1332622.99,-4791392.0489
"1623",2399,72899.085249,0,1158622.99,-4794856.15052
"1624",2400,121787.3682251,2,1170622.99,-4794856.15052
"1625",2401,207846.0969067,2,1182622.99,-4794856.15052
"1626",2402,415692.1938135,2,1194622.99,-4794856.15052
"1627",2403,415692.1938135,2,1206622.99,-4794856.15052
"1628",2404,415692.1938135,2,1218622.99,-4794856.15052
"1629",2405,415692.1938184,0,1230622.99,-4794856.15052
"1630",2406,207846.0969092,0,1242622.99,-4794856.15052
"1631",2407,31144.2776416,0,1254622.99,-4794856.15052
"1632",2408,6801.6286865,0,1266622.99,-4794856.15052
"1633",2409,89159.0137354,0,1278622.99,-4794856.15052
"1634",2410,105267.8230396,0,1290622.99,-4794856.15052
"1635",2412,44147.54323,0,1314622.99,-4794856.15052
"1636",2413,200130.8467505,0,1326622.99,-4794856.15052
"1637",2414,116860.5379443,0,1338622.99,-4794856.15052
"1638",2427,44529.3162207,0,1164622.99,-4798320.25213
"1639",2428,207846.0969092,2,1176622.99,-4798320.25213
"1640",2429,415692.1938184,2,1188622.99,-4798320.25213
"1641",2430,415692.1938184,2,1200622.99,-4798320.25213
"1642",2431,415692.1938184,2,1212622.99,-4798320.25213
"1643",2432,415692.1938184,2,1224622.99,-4798320.25213
"1644",2433,207846.0969092,0,1236622.99,-4798320.25213
"1645",2434,103923.0484534,0,1248622.99,-4798320.25213
"1646",2435,33904.2963436,0,1260622.99,-4798320.25213
"1647",2436,103923.0484546,0,1272622.99,-4798320.25213
"1648",2437,20781.6609033,0,1284622.99,-4798320.25213
"1649",2440,103923.0484534,0,1320622.99,-4798320.25213
"1650",2441,27925.5155918,0,1332622.99,-4798320.25213
"1651",2442,2764.8207666,0,1344622.99,-4798320.25213
"1652",2455,14821.1945764,0,1170622.99,-4801784.35375
"1653",2456,207846.0969116,2,1182622.99,-4801784.35375
"1654",2457,415692.1938135,2,1194622.99,-4801784.35375
"1655",2458,415692.1938232,2,1206622.99,-4801784.35375
"1656",2459,415692.1938232,2,1218622.99,-4801784.35375
"1657",2460,415692.1938135,2,1230622.99,-4801784.35375
"1658",2461,138564.0646029,0,1242622.99,-4801784.35375
"1659",2462,207846.0969116,0,1254622.99,-4801784.35375
"1660",2463,67803.6784017,0,1266622.99,-4801784.35375
"1661",2464,37177.1176624,0,1278622.99,-4801784.35375
"1662",2465,64390.60922,0,1290622.99,-4801784.35375
"1663",2467,26288.8438818,0,1314622.99,-4801784.35375
"1664",2468,96672.3169922,0,1326622.99,-4801784.35375
"1665",2469,58125.0932996,0,1338622.99,-4801784.35375
"1666",2482,39233.1711182,0,1164622.99,-4805248.45536
"1667",2483,207846.0969067,2,1176622.99,-4805248.45536
"1668",2484,415692.1938184,2,1188622.99,-4805248.45536
"1669",2485,415692.1938184,2,1200622.99,-4805248.45536
"1670",2486,415692.1938184,2,1212622.99,-4805248.45536
"1671",2487,415692.1938135,2,1224622.99,-4805248.45536
"1672",2488,207846.0969116,0,1236622.99,-4805248.45536
"1673",2489,207846.0969092,0,1248622.99,-4805248.45536
"1674",2490,163192.9533203,0,1260622.99,-4805248.45536
"1675",2491,108141.546167,0,1272622.99,-4805248.45536
"1676",2492,3935.8388089,0,1284622.99,-4805248.45536
"1677",2495,69861.0738208,0,1320622.99,-4805248.45536
"1678",2496,23598.8391781,0,1332622.99,-4805248.45536
"1679",2510,44778.5671016,2,1170622.99,-4808712.55698
"1680",2511,103923.0484558,0,1182622.99,-4808712.55698
"1681",2512,207846.0969092,2,1194622.99,-4808712.55698
"1682",2513,415692.1938086,2,1206622.99,-4808712.55698
"1683",2514,415692.1938232,2,1218622.99,-4808712.55698
"1684",2515,415692.1938184,2,1230622.99,-4808712.55698
"1685",2516,138564.0646077,0,1242622.99,-4808712.55698
"1686",2517,119168.7885872,0,1254622.99,-4808712.55698
"1687",2519,73721.079375,0,1278622.99,-4808712.55698
"1688",2524,29775.9156201,0,1338622.99,-4808712.55698
"1689",2538,138564.0646029,2,1176622.99,-4812176.65859
"1690",2539,207846.0969067,2,1188622.99,-4812176.65859
"1691",2540,207846.0969092,2,1200622.99,-4812176.65859
"1692",2541,415692.1938184,2,1212622.99,-4812176.65859
"1693",2542,415692.1938135,2,1224622.99,-4812176.65859
"1694",2543,207846.0969067,2,1236622.99,-4812176.65859
"1695",2544,103923.0484521,0,1248622.99,-4812176.65859
"1696",2545,22902.5814917,0,1260622.99,-4812176.65859
"1697",2546,105667.994917,0,1272622.99,-4812176.65859
"1698",2547,29969.6753369,0,1284622.99,-4812176.65859
"1699",2565,71339.4598145,0,1170622.99,-4815640.76021
"1700",2566,207832.159353,2,1182622.99,-4815640.76021
"1701",2567,415692.1938184,2,1194622.99,-4815640.76021
"1702",2568,415692.1938184,2,1206622.99,-4815640.76021
"1703",2569,415692.1938184,2,1218622.99,-4815640.76021
"1704",2570,415692.1938135,2,1230622.99,-4815640.76021
"1705",2571,207846.0969067,0,1242622.99,-4815640.76021
"1706",2572,363043.4867822,0,1254622.99,-4815640.76021
"1707",2573,3156.8215055,0,1266622.99,-4815640.76021
"1708",2574,207494.5299902,0,1278622.99,-4815640.76021
"1709",2593,80947.5759248,2,1176622.99,-4819104.86182
"1710",2594,134713.1262915,0,1188622.99,-4819104.86182
"1711",2595,103822.4973669,2,1200622.99,-4819104.86182
"1712",2596,138564.0646061,2,1212622.99,-4819104.86182
"1713",2597,415692.1938135,2,1224622.99,-4819104.86182
"1714",2598,138564.0646061,2,1236622.99,-4819104.86182
"1715",2599,99441.0956787,0,1248622.99,-4819104.86182
"1716",2600,21993.7187085,0,1260622.99,-4819104.86182
"1717",2601,55219.361189,0,1272622.99,-4819104.86182
"1718",2602,113037.8783618,0,1284622.99,-4819104.86182
"1719",2620,0,0,1170622.99,-4822568.96344
"1720",2621,17388.5502686,0,1182622.99,-4822568.96344
"1721",2622,85817.9368018,2,1194622.99,-4822568.96344
"1722",2623,133293.4016797,2,1206622.99,-4822568.96344
"1723",2624,207846.0969092,2,1218622.99,-4822568.96344
"1724",2625,415692.1938086,2,1230622.99,-4822568.96344
"1725",2626,138564.0646061,0,1242622.99,-4822568.96344
"1726",2627,27686.468728,0,1254622.99,-4822568.96344
"1727",2628,29789.2354167,0,1266622.99,-4822568.96344
"1728",2629,103493.006499,0,1278622.99,-4822568.96344
"1729",2648,51846.2977295,0,1176622.99,-4826033.06505
"1730",2649,6733.494126,0,1188622.99,-4826033.06505
"1731",2650,34756.0876807,0,1200622.99,-4826033.06505
"1732",2651,88536.7413745,0,1212622.99,-4826033.06505
"1733",2652,415692.1938184,2,1224622.99,-4826033.06505
"1734",2653,207846.0969092,2,1236622.99,-4826033.06505
"1735",2654,174510.3675903,0,1248622.99,-4826033.06505
"1736",2656,36447.4225358,0,1272622.99,-4826033.06505
"1737",2657,7254.243374,0,1284622.99,-4826033.06505
"1738",2678,3759.440957,0,1206622.99,-4829497.16667
"1739",2679,26148.8572471,0,1218622.99,-4829497.16667
"1740",2680,138564.0646029,2,1230622.99,-4829497.16667
"1741",2681,71099.4248994,0,1242622.99,-4829497.16667
"1742",2683,18978.6530794,0,1266622.99,-4829497.16667
"1743",2684,35535.7155257,2,1278622.99,-4829497.16667
"1744",2707,22363.9483838,0,1224622.99,-4832961.26828
"1745",2708,136495.5467773,2,1236622.99,-4832961.26828
"1746",2709,5551.0122656,0,1248622.99,-4832961.26828
"1747",2735,124687.8022021,2,1230622.99,-4836425.3699
"1748",2736,148174.5115137,0,1242622.99,-4836425.3699
"1749",2762,5207.2893701,0,1224622.99,-4839889.47151
"1750",2763,17669.6962769,0,1236622.99,-4839889.47151
"1751",2791,865.7843604,0,1242622.99,-4843353.57313
